date,A,B,C,D,E,GS,FS,GN,FN,MW,ME,HW,HE,L,N,KW,KE,S,PS,PN,T,RS,RC,RN
2020-04-09,6,6,9,53,64,184,13,12,15,20,24,19,37,17,15,46,30,20,18,36,7,20,15,9
2020-04-10,,,,,,,,,,,,,,,,,,,,,,,,
2020-04-11,9,14,10,66,104,243,15,31,26,26,48,25,59,31,20,57,45,33,23,39,8,28,21,12
2020-04-12,,,,,,,,,,,,,,,,,,,,,,,,
2020-04-13,,,,,,,,,,,,,,,,,,,,,,,,
2020-04-14,,,,,,,,,,,,,,,,,,,,,,,,
2020-04-15,39,46,13,130,135,360,41,97,58,62,95,36,96,85,38,88,90,67,34,57,11,36,26,13
2020-04-16,,,,,,,,,,,,,,,,,,,,,,,,
2020-04-17,,,,,,,,,,,,,,,,,,,,,,,,
2020-04-18,,,,,,,,,,,,,,,,,,,,,,,,
2020-04-19,,,,,,,,,,,,,,,,,,,,,,,,
2020-04-20,,,,,,,,,,,,,,,,,,,,,,,,
2020-04-21,,,,,,,,,,,,,,,,,,,,,,,,
2020-04-22,118,58,23,207,349,487,119,251,228,104,149,79,154,240,76,222,181,90,68,97,23,71,30,20
2020-04-23,,,,,,,,,,,,,,,,,,,,,,,,
2020-04-24,,,,,,,,,,,,,,,,,,,,,,,,
2020-04-25,,,,,,,,,,,,,,,,,,,,,,,,
2020-04-26,127,74,33,285,466,600,154,349,359,160,210,115,263,371,109,373,265,131,95,120,32,94,56,29
2020-04-27,133,60,37,307,475,628,166,401,346,164,242,131,284,393,116,413,301,141,99,131,36,91,69,30
2020-04-28,,,,,,,,,,,,,,,,,,,,,,,,
2020-04-29,136,66,44,328,518,641,195,442,364,201,259,140,310,428,121,435,320,153,112,133,41,95,73,34
2020-04-30,159,76,47,347,605,693,251,532,437,225,286,158,351,458,137,496,381,167,133,143,43,106,77,37
2020-05-01,,,,,,,,,,,,,,,,,,,,,,,,
2020-05-02,,,,,,,,,,,,,,,,,,,,,,,,
2020-05-03,,,,,,,,,,,,,,,,,,,,,,,,
2020-05-04,,,,,,,,,,,,,,,,,,,,,,,,
2020-05-05,,,,,,,,,,,,,,,,,,,,,,,,
2020-05-06,,,,,,,,,,,,,,,,,,,,,,,,
2020-05-07,,,,,,,,,,,,,,,,,,,,,,,,
2020-05-08,283,171,95,652,1130,1044,493,1116,991,501,625,278,728,760,324,903,715,320,282,270,170,225,159,68
2020-05-09,,,,,,,,,,,,,,,,,,,,,,,,
2020-05-10,,,,,,,,,,,,,,,,,,,,,,,,
2020-05-11,372,169,121,525,1270,1033,507,1261,1103,463,701,300,772,874,287,991,707,306,251,262,157,246,199,95
2020-05-12,,,,,,,,,,,,,,,,,,,,,,,,
2020-05-13,,,,,,,,,,,,,,,,,,,,,,,,
2020-05-14,449,206,148,581,1406,1216,619,1445,1275,531,809,340,917,1000,347,1096,782,359,286,300,184,260,239,121
2020-05-15,,,,,,,,,,,,,,,,,,,,,,,,
2020-05-16,478,214,154,609,1466,1263,670,1540,1418,542,881,364,995,1076,371,1129,815,409,309,324,209,275,249,138
2020-05-17,506,232,165,640,1533,1300,720,1638,1482,576,943,386,1069,1144,417,1165,854,444,331,346,223,302,264,147
2020-05-18,536,255,168,659,1576,1332,768,1721,1549,620,998,407,1123,1214,456,1199,903,470,358,362,259,336,289,151
2020-05-19,560,281,188,703,1658,1387,831,1867,1643,664,1092,440,1242,1319,572,1292,1003,555,406,414,308,371,317,160
2020-05-20,583,293,195,726,1750,1424,890,1948,1719,704,1157,463,1322,1418,665,1377,1075,605,454,452,328,397,335,170
2020-05-21,608,309,219,757,1797,1476,991,2029,1780,757,1233,519,1410,1531,728,1459,1174,666,519,529,377,434,372,182
2020-05-22,652,322,239,782,1856,1539,1065,2124,1851,795,1302,562,1498,1627,803,1555,1250,733,590,595,424,466,392,191
2020-05-23,683,339,244,816,1913,1584,1161,2204,1930,830,1350,593,1621,1742,898,1632,1349,794,634,671,445,527,422,206
2020-05-24,713,355,271,875,2043,1646,1252,2323,2030,882,1427,640,1757,1888,1015,1697,1447,863,683,759,488,566,479,228
2020-05-25,747,377,308,930,2147,1705,1349,2419,2110,967,1484,678,1836,1999,1134,1774,1544,942,733,824,525,601,507,242
2020-05-26,834,411,349,1014,2331,1811,1530,2598,2292,1071,1620,773,2006,2197,1366,1968,1741,1155,830,946,579,702,612,273
2020-05-27,855,424,363,1046,2383,1862,1596,2671,2343,1109,1656,797,2053,2252,1451,2009,1796,1214,854,992,590,736,653,283
2020-05-28,882,435,380,1075,2438,1905,1648,2728,2377,1165,1696,823,2094,2321,1525,2049,1875,1278,889,1049,626,767,679,309
2020-05-29,911,460,401,1104,2487,1966,1741,2816,2456,1225,1761,861,2155,2418,1614,2121,1958,1377,925,1119,667,804,724,350
2020-05-30,944,484,412,1128,2528,2008,1816,2900,2517,1268,1814,908,2221,2495,1676,2210,2107,1461,968,1239,709,875,776,389
2020-05-31,966,509,421,1169,2583,2066,1939,2986,2572,1324,1885,952,2264,2594,1804,2267,2218,1546,1004,1342,743,931,825,415
2020-06-01,1001,521,432,1197,2616,2110,2033,3065,2622,1362,1953,974,2310,2668,1892,2348,2292,1619,1051,1426,785,975,864,438
2020-06-02,1022,542,442,1230,2678,2160,2114,3127,2684,1412,2047,1020,2385,2726,1984,2430,2402,1705,1086,1511,823,1049,897,469
2020-06-03,1045,560,464,1258,2712,2190,2192,3196,2726,1446,2079,1056,2432,2773,2050,2468,2490,1786,1115,1582,853,1160,949,486
2020-06-04,1075,568,476,1291,2738,2239,2269,3258,2770,1496,2124,1102,2476,2847,2127,2559,2571,1882,1163,1683,908,1227,981,506
2020-06-05,1101,588,495,1320,2775,2287,2347,3316,2805,1544,2197,1134,2535,2914,2197,2626,2723,1992,1261,1839,941,1268,1034,538
2020-06-06,1127,599,515,1363,2811,2315,2400,3372,2830,1579,2246,1173,2568,2974,2271,2679,2841,2080,1300,1957,978,1311,1073,561
2020-06-07,1143,614,524,1392,2852,2345,2473,3416,2882,1640,2272,1217,2610,3026,2361,2740,2994,2164,1348,2048,1020,1364,1124,610
2020-06-08,1170,629,569,1443,2922,2404,2534,3456,2934,1720,2296,1256,2648,3094,2437,2808,3095,2265,1397,2207,1060,1421,1184,627
2020-06-09,1198,641,607,1481,2967,2451,2619,3500,2987,1778,2321,1301,2684,3149,2519,2860,3220,2350,1444,2291,1098,1506,1239,682
2020-06-10,1214,649,623,1518,2989,2472,2658,3568,3001,1803,2356,1352,2726,3210,2576,2919,3332,2417,1480,2353,1129,1558,1276,715
2020-06-11,1237,671,656,1559,3029,2548,2737,3618,3045,1867,2395,1401,2782,3258,2703,2982,3486,2536,1518,2469,1199,1651,1330,758
2020-06-12,1256,686,666,1587,3085,2593,2817,3668,3078,1935,2444,1453,2813,3329,2814,3062,3616,2663,1572,2569,1270,1756,1428,811
2020-06-13,1288,699,680,1625,3144,2628,2901,3729,3111,2000,2467,1494,2844,3373,2878,3138,3782,2794,1626,2664,1310,1819,1475,868
2020-06-14,1320,707,710,1662,3181,2687,2972,3779,3145,2061,2492,1533,2880,3414,2958,3202,3924,2911,1698,2769,1358,1879,1542,928
2020-06-15,1347,715,731,1718,3254,2815,3070,3834,3221,2115,2535,1603,2963,3458,3027,3322,4076,3047,1776,2898,1406,1965,1628,976
2020-06-16,1361,726,736,1745,3290,2791,3125,3917,3248,2130,2588,1643,2984,3519,3101,3380,4130,3110,1788,2996,1448,2007,1669,1008
2020-06-17,1384,734,748,1777,3303,2832,3173,3972,3270,2167,2600,1694,3005,3548,3135,3443,4223,3166,1837,3076,1484,2052,1716,1046
2020-06-18,1407,746,772,1835,3336,2878,3229,4037,3312,2204,2629,1738,3038,3591,3176,3505,4336,3272,1875,3207,1555,2113,1796,1097
2020-06-19,1580,688,837,1900,3340,3023,3313,4284,3245,2206,2818,1616,3107,3657,3272,3693,4405,3255,1952,3378,1676,2090,1825,1274
2020-06-20,1598,701,850,1950,3385,3059,3372,4343,3267,2229,2842,1685,3129,3708,3319,3781,4489,3399,1991,3488,1736,2142,1882,1318
2020-06-21,,,,,,,,,,,,,,,,,,,,,,,,
2020-06-22,1627,718,887,2021,3453,3153,3502,4443,3309,2292,2909,1783,3182,3774,3437,3915,4663,3587,2054,3720,1870,2277,2045,1385
2020-06-23,1640,721,895,2068,3487,3186,3556,4499,3338,2308,2937,1832,3197,3799,3500,3997,4746,3677,2083,3807,1934,2327,2117,1425
2020-06-24,1652,725,900,2097,3499,3209,3594,4534,3349,2323,2955,1853,3210,3828,3548,4053,4841,3754,2123,3870,1980,2363,2180,1455
2020-06-25,1668,733,910,2143,3528,3257,3652,4581,3373,2349,2979,1903,3227,3862,3623,4102,4903,3857,2160,3966,2054,2424,2247,1480
2020-06-26,1693,737,937,2205,3558,3299,3717,4640,3394,2389,2997,1953,3250,3909,3689,4174,4989,3978,2206,4079,2141,2499,2326,1525
2020-06-27,1708,740,951,2259,3553,3381,3781,4688,3423,2410,3044,1999,3264,3942,3739,4252,5097,4096,2243,4157,2234,2563,2422,1563
2020-06-28,1754,748,1017,2387,3108,3593,3861,4739,3323,2310,3031,1835,3441,4017,3821,4370,5082,4119,2289,4281,2336,2635,2482,1572
2020-06-29,1776,750,1046,2448,3139,3645,3916,4811,3359,2341,3065,1880,3458,4051,3878,4421,5172,4240,2320,4396,2437,2698,2554,1602
2020-06-30,1788,760,1055,2493,3164,3683,3979,4864,3403,2378,3101,1910,3469,4087,3960,4472,5242,4381,2364,4486,2536,2745,2624,1633
2020-07-01,1817,772,1065,2533,3186,3711,4011,4913,3426,2386,3117,1942,3484,4110,4009,4512,5301,4430,2396,4553,2608,2791,2691,1671
2020-07-02,1833,777,1085,2601,3225,3758,4084,4967,3462,2430,3154,1991,3514,4155,4082,4616,5401,4552,2437,4671,2716,2880,2785,1705
2020-07-03,1863,783,1092,2648,3266,3811,4155,5032,3499,2464,3185,2018,3536,4193,4143,4706,5507,4646,2526,4815,2820,2997,2914,1759
2020-07-04,1876,787,1103,2695,3289,3854,4198,5099,3540,2496,3234,2064,3570,4218,4205,4771,5586,4756,2570,4938,2945,3079,3009,1807
2020-07-05,1894,798,1114,2742,3323,3900,4268,5156,3571,2526,3273,2093,3587,4257,4256,4828,5660,4838,2597,5015,3025,3171,3070,1841
2020-07-06,1915,799,1126,2794,3361,3935,4303,5217,3607,2560,3313,2128,3610,4290,4319,4915,5715,4909,2636,5129,3122,3250,3201,1889
2020-07-07,1940,803,1146,2844,3394,3970,4354,5276,3636,2586,3349,2154,3635,4322,4376,4987,5781,5003,2667,5242,3199,3330,3265,1938
2020-07-08,1943,807,1158,2877,3422,3997,4398,5307,3661,2608,3369,2168,3644,4346,4410,5038,5834,5052,2697,5282,3237,3393,3343,1965
2020-07-09,1961,812,1174,2928,3477,4039,4457,5378,3696,2650,3396,2201,3669,4379,4466,5121,5934,5132,2737,5382,3350,3472,3410,2023
2020-07-10,1975,817,1194,3011,3508,4082,4498,5429,3729,2682,3427,2238,3687,4419,4526,5212,5980,5208,2775,5490,3428,3582,3511,2069
2020-07-11,2006,827,1227,3083,3557,4124,4540,5499,3765,2731,3458,2278,3702,4456,4598,5300,6051,5280,2810,5603,3515,3636,3613,2121
2020-07-12,2025,842,1246,3146,3597,4167,4603,5550,3785,2761,3481,2316,3719,4489,4684,5368,6148,5352,2848,5695,3599,3728,3727,2146
2020-07-13,,,,,,,,,,,,,,,,,,,,,,,,
2020-07-14,2098,863,1277,3283,3681,4231,4711,5642,3859,2820,3531,2393,3743,4555,4853,5490,6268,5497,2916,5854,3776,3843,3889,2226
2020-07-15,2114,869,1286,3336,3706,4254,4752,5713,3892,2847,3559,2424,3751,4580,4904,5543,6318,5531,2937,5917,3818,3897,4000,2245
2020-07-16,2170,875,1310,3404,3749,4325,4802,5807,3925,2890,3596,2470,3769,4604,4971,5613,6395,5603,2972,6012,3898,3981,4087,2283
2020-07-17,2221,887,1319,3464,3807,4369,4868,5892,3957,2920,3632,2508,3804,4650,5030,5706,6475,5690,3035,6078,3976,4086,4222,2333
2020-07-18,2246,891,1349,3530,3849,4398,4911,5954,3988,2944,3669,2547,3821,4702,5114,5750,6543,5749,3084,6151,4043,4148,4306,2373
2020-07-19,2276,897,1368,3586,3897,4440,4946,6001,4017,2965,3691,2583,3845,4737,5188,5813,6590,5797,3136,6222,4095,4246,4426,2421
2020-07-20,2313,908,1383,3648,3949,4502,5021,6079,4090,3019,3732,2622,3889,4791,5284,5901,6662,5872,3193,6312,4158,4311,4509,2455
2020-07-21,2338,909,1400,3696,3982,4530,5064,6139,4125,3045,3767,2651,3904,4832,5335,5947,6715,5920,3226,6368,4215,4392,4585,2481
2020-07-22,2368,911,1407,3752,4016,4557,5112,6157,4151,3061,3792,2681,3923,4863,5373,6025,6781,5952,3254,6426,4259,4482,4674,2510
2020-07-23,2398,918,1420,3833,4065,4620,5167,6243,4195,3089,3841,2709,3948,4892,5442,6081,6829,6011,3304,6503,4337,4540,4777,2549
2020-07-24,2448,927,1436,3903,4110,4659,5204,6288,4236,3119,3865,2740,3980,4915,5515,6137,6901,6083,3364,6591,4385,4608,4886,2582
2020-07-25,2466,934,1453,3999,4146,4709,5249,6349,4261,3147,3893,2763,3992,4945,5565,6180,6962,6128,3404,6642,4451,4671,4958,2606
2020-07-26,2533,933,1438,3974,4242,4744,5024,6426,4269,3166,3922,2837,3925,4902,5683,6210,6989,6164,3448,6583,4491,4780,4994,2616
2020-07-27,2556,937,1452,4018,4276,4786,5095,6481,4308,3199,3978,2864,3950,4947,5725,6245,7055,6206,3492,6663,4563,4835,5048,2637
2020-07-28,2579,951,1467,4105,4306,4818,5143,6532,4339,3225,3999,2890,3965,4982,5766,6285,7112,6240,3514,6724,4632,4904,5112,2664
2020-07-29,2606,956,1473,4162,4341,4846,5170,6557,4361,3242,4014,2922,3978,5000,5804,6304,7150,6272,3539,6758,4670,4937,5169,2684
2020-07-30,2630,970,1490,4229,4370,4887,5213,6612,4402,3273,4047,2956,3991,5043,5850,6354,7209,6300,3583,6815,4720,4987,5258,2732
2020-07-31,2657,975,1503,4294,4396,4930,5260,6676,4436,3297,4078,2996,4015,5067,5917,6405,7278,6350,3647,6881,4795,5048,5381,2770
2020-08-01,2692,985,1520,4365,4449,4982,5299,6750,4460,3323,4111,3021,4031,5105,5963,6445,7330,6404,3677,6945,4831,5113,5450,2808
2020-08-02,2712,999,1530,4423,4477,5009,5346,6811,4500,3349,4144,3050,4050,5132,6001,6497,7384,6458,3720,6999,4882,5166,5532,2851
2020-08-03,2748,1014,1542,4492,4518,5070,5402,6858,4533,3388,4189,3066,4066,5176,6058,6549,7419,6494,3751,7051,4929,5228,5609,2887
2020-08-04,2762,1030,1554,4552,4550,5118,5448,6935,4575,3407,4216,3088,4084,5211,6094,6579,7453,6524,3783,7107,4971,5284,5680,2913
2020-08-05,2801,1043,1564,4598,4580,5141,5472,6960,4590,3428,4225,3114,4097,5230,6132,6618,7487,6556,3809,7134,5024,5320,5723,2927
2020-08-06,2823,1056,1578,4663,4626,5177,5515,7031,4629,3467,4242,3157,4124,5259,6178,6658,7532,6610,3844,7201,5085,5402,5818,2952
2020-08-07,2858,1067,1588,4706,4664,5212,5558,7078,4647,3496,4281,3176,4140,5280,6222,6703,7578,6642,3870,7229,5133,5437,5904,2974
2020-08-08,2872,1081,1606,4738,4701,5243,5603,7116,4684,3512,4294,3201,4167,5308,6263,6729,7609,6682,3915,7269,5167,5471,5996,3000
2020-08-09,2931,1091,1627,4817,4746,5303,5656,7174,4708,3555,4326,3230,4188,5340,6316,6792,7659,6735,3982,7329,5216,5568,6101,3045
2020-08-10,2969,1104,1652,4886,4789,5345,5697,7224,4744,3603,4355,3258,4231,5372,6352,6849,7702,6780,4013,7370,5253,5625,6167,3093
2020-08-11,2997,1111,1672,4948,4824,5386,5744,7270,4784,3635,4382,3304,4252,5398,6394,6885,7737,6824,4042,7398,5294,5687,6227,3111
2020-08-12,3021,1115,1695,5019,4853,5415,5792,7348,4811,3653,4401,3336,4265,5412,6437,6926,7771,6850,4079,7454,5327,5728,6303,3133
2020-08-13,3044,1126,1713,5106,4896,5464,5844,7415,4849,3694,4425,3376,4288,5449,6484,6972,7830,6884,4120,7515,5375,5773,6392,3156
2020-08-14,,,,,,,,,,,,,,,,,,,,,,,,
2020-08-15,3089,1147,1752,5230,4979,5535,5936,7501,4918,3778,4466,3452,4406,5520,6566,7065,7945,6978,4189,7626,5458,5891,6560,3235
2020-08-16,3113,1163,1782,5308,5037,5583,5980,7548,4966,3808,4506,3489,4429,5563,6625,7125,7999,7024,4242,7697,5503,5959,6658,3261
2020-08-17,3133,1150,1798,5348,5091,5620,6005,7582,5001,3812,4520,3519,4439,5597,6657,7171,8042,7066,4248,7749,5541,6043,6675,3272
2020-08-18,3140,1156,1810,5382,5121,5654,6034,7632,5040,3833,4537,3559,4458,5626,6696,7212,8070,7096,4265,7786,5570,6091,6732,3282
2020-08-19,3168,1160,1817,5438,5149,5687,6066,7660,5062,3858,4548,3589,4476,5654,6733,7261,8106,7138,4302,7844,5634,6159,6815,3318
2020-08-20,3198,1165,1835,5501,5200,5720,6132,7736,5093,3889,4579,3627,4507,5686,6782,7319,8158,7179,4336,7895,5673,6217,6894,3371
2020-08-21,3225,1168,1848,5566,5271,5757,6186,7807,5144,3931,4601,3666,4542,5731,6821,7380,8223,7217,4379,7939,5715,6301,7055,3419
2020-08-22,3270,1178,1875,5622,5325,5781,6220,7854,5194,3971,4633,3720,4587,5766,6854,7476,8296,7274,4456,8019,5767,6403,7202,3473
2020-08-23,,,,,,,,,,,,,,,,,,,,,,,,
2020-08-24,3365,1195,1917,5716,5395,5853,6304,7926,5271,4041,4677,3802,4636,5831,6922,7574,8370,7371,4557,8144,5865,6532,7408,3548
2020-08-25,3382,1202,1930,5748,5420,5882,6328,7959,5295,4054,4707,3820,4649,5846,6957,7644,8405,7383,4591,8179,5895,6594,7469,3569
2020-08-26,3393,1206,1939,5788,5440,5893,6355,7976,5313,4068,4723,3834,4670,5863,6979,7673,8420,7408,4614,8209,5926,6654,7507,3594
2020-08-27,3463,1212,1962,5874,5497,5937,6418,8048,5360,4111,4782,3916,4700,5895,7055,7804,8487,7475,4687,8288,6000,6783,7685,3677
2020-08-28,3500,1219,1978,5956,5531,5980,6465,8096,5401,4152,4806,3970,4726,5929,7114,7884,8546,7518,4744,8365,6036,6913,7846,3736
2020-08-29,3533,1232,2000,6014,5550,6029,6516,8156,5442,4183,4841,4026,4749,5964,7160,7952,8602,7568,4781,8453,6095,6989,7974,3782
2020-08-30,3570,1241,2033,6075,5593,6069,6577,8211,5490,4213,4869,4102,4776,6005,7245,8017,8681,7621,4850,8539,6146,7064,8110,3833
2020-08-31,3614,1247,2052,6133,5619,6102,6603,8263,5552,4233,4900,4157,4794,6028,7299,8108,8727,7670,4912,8635,6200,7141,8227,3889
2020-09-01,,,,,,,,,,,,,,,,,,,,,,,,
2020-09-02,3647,1256,2100,6237,5693,6169,6669,8373,5623,4300,4963,4236,4867,6077,7428,8246,8818,7769,5000,8786,6333,7324,8404,3958
2020-09-03,3682,1261,2115,6337,5733,6229,6730,8467,5671,4334,5015,4313,4904,6135,7496,8354,8913,7838,5047,8876,6427,7430,8521,3995
2020-09-04,3703,1271,2125,6387,5779,6253,6756,8521,5731,4340,5044,4367,4896,6178,7577,8475,8987,7897,5095,8938,6487,7513,8633,4033
2020-09-05,3773,1285,2143,6487,5829,6318,6826,8595,5784,4371,5088,4433,4932,6232,7662,8576,9088,7974,5187,9061,6593,7627,8816,4125
2020-09-06,3812,1290,2175,6570,5874,6347,6880,8677,5853,4414,5120,4481,4980,6279,7781,8694,9187,8072,5273,9146,6704,7741,8945,4179
2020-09-07,3862,1305,2202,6675,5925,6406,6927,8748,5933,4451,5160,4552,5028,6343,7872,8828,9310,8138,5368,9249,6793,7854,9105,4247
2020-09-08,3902,1318,2219,6738,5963,6470,6968,8817,5991,4488,5200,4619,5105,6401,7975,8943,9386,8207,5459,9340,6894,7975,9230,4287
2020-09-09,3949,1328,2240,6869,6012,6521,7028,8858,6038,4518,5229,4657,5147,6433,8054,9037,9478,8275,5529,9414,6986,8050,9348,4322
2020-09-10,3991,1347,2261,6978,6090,6588,7109,8953,6121,4590,5285,4725,5206,6482,8141,9206,9565,8384,5620,9572,7114,8183,9517,4407
2020-09-11,4019,1369,2290,7096,6165,6682,7213,9042,6212,4656,5354,4794,5280,6566,8249,9333,9676,8467,5713,9724,7210,8330,9713,4509
2020-09-12,4060,1385,2326,7181,6231,6757,7290,9137,6279,4708,5403,4879,5361,6618,8350,9485,9793,8548,5811,9824,7335,8477,9864,4580
2020-09-13,4118,1405,2353,7313,6303,6817,7356,9257,6350,4772,5453,4940,5429,6681,8449,9666,9908,8611,5887,9967,7446,8641,10056,4678
2020-09-14,4192,1430,2390,7439,6352,6888,7418,9343,6432,4836,5498,5020,5496,6722,8515,9812,10027,8679,5970,10079,7553,8757,10223,4746
2020-09-15,4215,1455,2412,7546,6426,6953,7482,9471,6532,4916,5624,5104,5566,6773,8605,9983,10139,8770,6055,10213,7690,8894,10395,4831
2020-09-16,,,,,,,,,,,,,,,,,,,,,,,,
2020-09-17,4305,1487,2461,7745,6532,7065,7586,9597,6700,5016,5717,5309,5675,6884,8749,10331,10375,8874,6203,10427,7895,9112,10733,4950
2020-09-18,4367,1501,2498,7848,6594,7134,7657,9704,6794,5094,5792,5420,5715,6935,8871,10475,10517,9004,6282,10548,7987,9272,10927,5038
2020-09-19,4422,1520,2546,7976,6672,7211,7717,9788,6887,5167,5855,5492,5777,6986,8977,10638,10627,9081,6354,10682,8088,9386,11106,5120
2020-09-20,4480,1533,2585,8068,6746,7285,7818,9889,6990,5222,5906,5595,5848,7057,9073,10789,10718,9187,6433,10791,8190,9509,11265,5209
2020-09-21,4535,1554,2621,8174,6809,7354,7879,9965,7068,5283,5956,5711,5923,7136,9164,10939,10838,9285,6492,10922,8287,9638,11450,5290
2020-09-22,4559,1563,2642,8249,6879,7406,7931,10029,7140,5338,6010,5792,5977,7192,9244,11084,10940,9390,6569,11054,8364,9746,11580,5328
2020-09-23,4593,1577,2667,8344,6947,7453,7971,10093,7180,5374,6051,5864,6022,7240,9299,11211,11044,9456,6633,11153,8437,9816,11724,5364
2020-09-24,4637,1595,2701,8456,7016,7519,8037,10200,7277,5433,6096,5976,6092,7304,9397,11391,11178,9536,6737,11277,8535,9950,11954,5441
2020-09-25,4669,1608,2722,8565,7077,7568,8088,10302,7356,5513,6163,6051,6144,7376,9479,11539,11299,9585,6824,11403,8646,10094,12156,5523
2020-09-26,,,,,,,,,,,,,,,,,,,,,,,,
2020-09-27,4775,1625,2778,8779,7206,7691,8208,10432,7529,5603,6258,6216,6257,7475,9620,11863,11521,9751,6980,11651,8842,10355,12518,5655
2020-09-28,4840,1635,2806,8912,7260,7774,8280,10512,7612,5669,6309,6310,6323,7534,9683,11997,11632,9875,7070,11788,8954,10492,12743,5714
2020-09-29,4886,1644,2825,9060,7326,7841,8356,10595,7678,5721,6362,6399,6392,7599,9769,12165,11780,9944,7134,11875,9076,10600,12857,5771
2020-09-30,4920,1654,2849,9149,7375,7873,8406,10655,7730,5756,6419,6470,6448,7645,9824,12274,11863,10042,7211,11990,9180,10713,13007,5812
2020-10-01,,,,,,,,,,,,,,,,,,,,,,,,
2020-10-02,4990,1672,2914,9418,7463,8026,8529,10830,7881,5865,6497,6662,6580,7800,10031,12589,12146,10239,7375,12276,9373,11042,13386,5987
2020-10-03,5040,1688,2949,9550,7540,8095,8591,10948,7954,5915,6557,6764,6658,7876,10123,12748,12288,10344,7464,12424,9453,11182,13625,6081
2020-10-04,5108,1699,2987,9679,7618,8169,8661,11046,8044,5965,6610,6858,6748,7963,10224,12902,12424,10413,7572,12534,9533,11313,13865,6152
2020-10-05,5190,1711,3015,9778,7682,8243,8699,11124,8121,6028,6643,6950,6816,8026,10296,13063,12574,10482,7655,12636,9628,11455,14046,6219
2020-10-06,5218,1723,3031,9881,7728,8300,8767,11197,8186,6078,6688,7039,6885,8068,10366,13188,12696,10541,7728,12720,9734,11606,14160,6274
2020-10-07,5271,1736,3053,9968,7773,8359,8828,11283,8257,6122,6731,7109,6935,8124,10431,13303,12803,10593,7816,12820,9793,11718,14263,6321
2020-10-08,5315,1750,3089,10080,7841,8436,8894,11375,8328,6204,6846,7211,7013,8223,10593,13500,12972,10714,7910,12934,10008,11916,14520,6418
2020-10-09,5373,1757,3133,10182,7885,8508,8961,11432,8416,6258,7020,7292,7122,8280,10718,13670,13108,10882,8002,13098,10256,12088,14711,6523
2020-10-10,5423,1773,3164,10313,7959,8575,9019,11511,8505,6319,7088,7396,7205,8352,10807,13839,13220,10953,8092,13220,10324,12246,14932,6623
2020-10-11,5443,1785,3192,10431,8019,8621,9067,11584,8586,6392,7149,7482,7281,8425,10919,13995,13354,11063,8160,13342,10456,12382,15114,6696
2020-10-12,5503,1797,3220,10530,8061,8667,9141,11657,8659,6447,7200,7584,7355,8509,11001,14106,13474,11159,8254,13469,10580,12546,15316,6771
2020-10-13,5573,1805,3236,10604,8117,8696,9177,11724,8714,6486,7235,7659,7401,8557,11062,14259,13549,11242,8332,13555,10665,12641,15402,6838
2020-10-14,5599,1810,3251,10668,8146,8743,9219,11768,8751,6510,7261,7707,7489,8599,11110,14334,13601,11289,8411,13633,10733,12734,15519,6882
2020-10-15,5638,1824,3286,10787,8201,8792,9287,11845,8814,6570,7307,7821,7562,8645,11189,14484,13717,11357,8538,13760,10809,12909,15729,6973
2020-10-16,5688,1834,3312,10872,8242,8828,9337,11947,8865,6616,7329,7895,7614,8728,11288,14617,13812,11451,8665,13889,10893,13102,15910,7072
2020-10-17,,,,,,,,,,,,,,,,,,,,,,,,
2020-10-18,5719,1856,3344,11025,8301,8896,9408,12064,8969,6717,7446,7998,7713,8822,11434,14812,13963,11594,8815,14120,11068,13375,16080,7213
2020-10-19,5757,1863,3379,11084,8343,8935,9451,12112,9036,6753,7483,8058,7760,8877,11497,14921,14051,11651,8892,14220,11142,13482,16223,7284
2020-10-20,5762,1868,3387,11118,8374,8952,9484,12156,9076,6794,7506,8111,7812,8919,11547,15014,14122,11710,8950,14308,11210,13585,16291,7344
2020-10-21,5785,1874,3399,11195,8392,8979,9504,12191,9110,6821,7528,8155,7849,8960,11580,15087,14183,11752,8989,14357,11266,13643,16416,7402
2020-10-22,5816,1885,3418,11271,8447,9026,9536,12235,9164,6861,7557,8214,7876,9028,11637,15191,14262,11814,9034,14472,11342,13788,16580,7462
2020-10-23,5838,1893,3444,11340,8491,9060,9563,12313,9204,6917,7600,8257,7914,9075,11694,15281,14323,11864,9088,14562,11404,13909,16721,7530
2020-10-24,5863,1894,3462,11428,8530,9100,9590,12387,9255,6955,7639,8295,7952,9142,11756,15382,14392,11936,9158,14652,11476,14013,16814,7580
2020-10-25,5888,1909,3487,11485,8554,9145,9614,12423,9303,6994,7667,8348,7997,9191,11819,15477,14464,11985,9217,14743,11509,14081,16911,7615
2020-10-26,5899,1913,3504,11529,8582,9175,9632,12464,9333,7039,7709,8399,8038,9239,11851,15586,14531,12046,9272,14835,11568,14173,17014,7647
2020-10-27,5905,1919,3509,11553,8611,9189,9641,12486,9356,7060,7736,8439,8067,9270,11907,15641,14562,12098,9306,14876,11631,14228,17055,7669
2020-10-28,5920,1923,3520,11601,8635,9209,9649,12530,9382,7096,7747,8468,8103,9297,11938,15705,14592,12118,9332,14910,11664,14281,17143,7694
2020-10-29,5951,1929,3535,11644,8673,9227,9671,12570,9433,7150,7789,8521,8147,9335,12003,15820,14671,12160,9392,14995,11715,14379,17254,7737
2020-10-30,5973,1933,3575,11689,8721,9252,9692,12618,9470,7176,7811,8549,8173,9381,12053,15910,14738,12190,9435,15058,11756,14466,17367,7759
2020-10-31,5989,1944,3582,11714,8773,9279,9717,12654,9494,7226,7835,8589,8206,9404,12102,16005,14782,12237,9455,15142,11798,14540,17460,7786
2020-11-01,6008,1952,3594,11749,8799,9299,9733,12689,9531,7252,7866,8624,8237,9445,12157,16068,14837,12267,9483,15199,11854,14610,17560,7819
2020-11-02,6228,1974,3600,11916,8909,9393,9817,12815,9583,7340,7922,8791,8314,9518,12227,16166,14952,12327,9554,15288,11934,14891,17753,7911
2020-11-03,6240,1977,3603,11950,8928,9418,9831,12833,9607,7373,7943,8817,8345,9545,12260,16203,14987,12346,9579,15335,11977,14942,17805,7936
2020-11-04,6249,1981,3605,11984,8943,9443,9855,12843,9637,7395,7960,8838,8373,9567,12320,16247,15034,12380,9608,15369,12016,14979,17869,7965
2020-11-05,6267,1992,3614,12028,8958,9461,9881,12865,9674,7423,7989,8863,8397,9596,12371,16298,15093,12420,9646,15435,12057,15043,17965,7998
2020-11-06,6273,1996,3623,12058,8977,9487,9900,12889,9701,7454,8014,8888,8421,9624,12419,16338,15142,12458,9694,15492,12103,15099,18036,8023
2020-11-07,6281,2003,3629,12087,8999,9504,9912,12908,9725,7474,8030,8919,8437,9647,12456,16389,15185,12502,9747,15547,12166,15144,18110,8051
2020-11-08,6289,2007,3636,12105,9006,9522,9923,12930,9749,7491,8044,8946,8458,9675,12490,16417,15208,12534,9775,15573,12194,15193,18134,8060
2020-11-09,6300,2015,3642,12145,9029,9562,9946,12979,9785,7532,8081,9001,8501,9739,12541,16504,15254,12578,9840,15628,12248,15269,18241,8090
2020-11-10,6306,2016,3647,12166,9036,9579,9955,12994,9809,7547,8098,9037,8521,9765,12558,16567,15293,12597,9880,15672,12266,15323,18308,8104
2020-11-11,6320,2018,3659,12191,9042,9593,9964,13004,9829,7553,8106,9065,8541,9778,12581,16600,15309,12619,9912,15707,12286,15367,18343,8114
2020-11-12,6348,2019,3668,12226,9059,9615,9981,13031,9859,7593,8132,9104,8571,9808,12647,16680,15381,12662,9966,15758,12342,15464,18418,8142
2020-11-13,6368,2026,3673,12248,9076,9630,9997,13061,9889,7626,8165,9125,8598,9854,12704,16734,15415,12686,10014,15804,12375,15537,18464,8155
2020-11-14,6358,2030,3680,12226,9068,9592,10010,13025,9906,7620,8160,9116,8607,9869,12739,16788,15430,12722,10016,15845,12430,15442,18449,8151
2020-11-15,6369,2033,3683,12244,9079,9606,10030,13039,9925,7642,8176,9153,8635,9896,12772,16844,15466,12740,10039,15881,12462,15490,18519,8178
2020-11-16,6371,2034,3686,12275,9090,9616,10037,13053,9941,7655,8188,9174,8651,9912,12796,16900,15502,12761,10063,15920,12499,15529,18561,8193
2020-11-17,6361,2034,3675,12291,9092,9610,10041,13049,9948,7662,8182,9146,8652,9902,12794,16922,15488,12784,10065,15946,12501,15529,18583,8195
2020-11-18,6372,2034,3678,12317,9104,9622,10054,13065,9968,7685,8196,9161,8663,9914,12813,16965,15525,12815,10088,15973,12530,15552,18626,8208
2020-11-19,6403,2036,3683,12351,9123,9629,10065,13087,9987,7716,8208,9190,8675,9937,12846,17030,15571,12848,10125,16010,12569,15615,18684,8226
2020-11-20,6431,2040,3691,12388,9143,9652,10096,13111,10023,7750,8241,9220,8711,9975,12884,17108,15611,12907,10166,16065,12635,15701,18772,8251
2020-11-21,6459,2044,3709,12426,9157,9674,10120,13133,10058,7788,8259,9255,8734,9998,12952,17165,15663,12962,10215,16124,12700,15780,18853,8282
2020-11-22,6470,2046,3723,12470,9165,9695,10145,13168,10116,7831,8282,9292,8755,10032,13005,17263,15718,13025,10275,16188,12747,15863,18919,8321
2020-11-23,6493,2050,3735,12521,9187,9711,10183,13195,10148,7861,8330,9314,8788,10074,13077,17335,15763,13062,10336,16269,12818,15935,19015,8350
2020-11-24,6500,2050,3747,12545,9200,9730,10201,13217,10174,7896,8354,9343,8806,10099,13127,17400,15806,13097,10379,16311,12846,15988,19073,8369
2020-11-25,6513,2051,3754,12581,9211,9756,10225,13254,10213,7932,8372,9370,8820,10135,13170,17464,15866,13147,10417,16378,12909,16035,19134,8394
2020-11-26,6536,2054,3761,12631,9230,9775,10252,13280,10240,7974,8395,9413,8850,10156,13198,17539,15925,13191,10469,16454,12976,16109,19264,8436
2020-11-27,6560,2057,3767,12665,9240,9808,10279,13316,10301,8017,8429,9444,8880,10196,13286,17616,15986,13244,10522,16497,13029,16177,19342,8465
2020-11-28,6579,2060,3772,12702,9263,9820,10302,13348,10340,8037,8453,9471,8907,10234,13340,17696,16057,13313,10585,16553,13091,16244,19415,8490
2020-11-29,6587,2061,3779,12733,9286,9843,10325,13379,10368,8066,8484,9503,8946,10269,13395,17775,16113,13357,10656,16610,13144,16294,19510,8517
2020-11-30,6599,2063,3783,12758,9295,9867,10347,13404,10401,8093,8501,9542,8959,10294,13455,17843,16163,13409,10704,16661,13194,16349,19590,8534
2020-12-01,6605,2068,3787,12773,9303,9883,10365,13429,10420,8117,8518,9567,8978,10311,13487,17888,16198,13443,10733,16702,13230,16387,19616,8543
2020-12-02,6618,2070,3795,12787,9316,9898,10378,13455,10454,8123,8536,9601,9003,10335,13524,17937,16240,13471,10772,16736,13261,16431,19660,8564
2020-12-03,6636,2076,3799,12812,9329,9917,10398,13488,10484,8155,8571,9635,9031,10355,13590,17997,16282,13509,10828,16790,13320,16478,19718,8596
2020-12-04,6643,2077,3804,12837,9344,9930,10416,13523,10513,8178,8590,9664,9048,10386,13637,18044,16327,13549,10880,16844,13381,16528,19786,8646
2020-12-05,6661,2077,3813,12856,9349,9941,10432,13548,10545,8208,8606,9701,9072,10405,13675,18085,16384,13590,10918,16888,13433,16572,19831,8669
2020-12-06,6667,2079,3820,12875,9358,9956,10442,13574,10574,8240,8626,9731,9092,10421,13711,18137,16419,13622,10967,16919,13476,16631,19880,8696
2020-12-07,6673,2080,3822,12902,9366,9975,10461,13602,10593,8264,8647,9757,9110,10443,13747,18196,16454,13649,11009,16968,13515,16679,19947,8726
2020-12-08,,,,,,,,,,,,,,,,,,,,,,,,
2020-12-09,,,,,,,,,,,,,,,,,,,,,,,,
2020-12-10,6694,2090,3828,12947,9399,10016,10504,13650,10655,8317,8694,9808,9159,10499,13850,18329,16552,13737,11080,17079,13641,16801,20094,8767
2020-12-11,6702,2095,3832,12970,9416,10036,10521,13674,10676,8343,8709,9837,9187,10535,13886,18398,16603,13780,11134,17114,13697,16841,20158,8799
2020-12-12,6711,2098,3837,12981,9424,10051,10536,13694,10697,8365,8729,9862,9229,10557,13910,18446,16636,13807,11162,17150,13743,16892,20208,8818
2020-12-13,6736,2099,3841,13003,9437,10058,10544,13714,10716,8399,8742,9888,9265,10581,13940,18485,16685,13829,11176,17189,13785,16942,20248,8829
2020-12-14,6743,2099,3847,13028,9450,10069,10559,13731,10738,8416,8756,9908,9275,10601,13964,18517,16727,13865,11213,17216,13842,16984,20295,8842
2020-12-15,6753,2100,3848,13041,9459,10079,10570,13747,10764,8438,8771,9926,9295,10613,13985,18545,16750,13882,11237,17246,13871,17018,20332,8858
2020-12-16,6777,2101,3854,13052,9469,10092,10581,13757,10777,8449,8790,9938,9306,10633,14013,18582,16784,13909,11259,17283,13899,17046,20365,8878
2020-12-17,6806,2104,3857,13074,9479,10107,10592,13781,10799,8471,8807,9960,9333,10667,14039,18653,16827,13946,11292,17329,13950,17120,20409,8901
2020-12-18,6814,2107,3862,13090,9492,10123,10615,13800,10821,8484,8817,9973,9352,10687,14060,18692,16859,13980,11313,17363,13985,17158,20452,8913
2020-12-19,6823,2108,3863,13110,9505,10135,10629,13816,10841,8510,8828,9989,9363,10708,14085,18750,16909,14007,11347,17403,14016,17205,20505,8941
2020-12-20,6833,2109,3869,13132,9520,10154,10639,13842,10854,8528,8844,10013,9383,10731,14103,18796,16954,14039,11374,17434,14047,17262,20554,8959
2020-12-21,6838,2115,3876,13155,9524,10174,10654,13864,10877,8543,8867,10026,9396,10751,14114,18824,16986,14069,11420,17471,14077,17298,20612,8982
2020-12-22,6847,2115,3878,13164,9536,10188,10668,13876,10898,8559,8878,10044,9417,10761,14133,18848,17007,14094,11441,17499,14108,17335,20644,8992
2020-12-23,6856,2116,3880,13175,9558,10201,10676,13892,10919,8570,8888,10069,9427,10781,14145,18879,17045,14111,11464,17533,14139,17363,20683,9007
2020-12-24,6890,2117,3885,13191,9576,10214,10701,13913,10938,8597,8920,10097,9451,10798,14188,18918,17080,14140,11489,17561,14196,17418,20742,9027
2020-12-25,6910,2121,3888,13219,9595,10231,10716,13930,10956,8603,8941,10118,9481,10827,14220,18966,17127,14155,11514,17608,14228,17455,20787,9043
2020-12-26,6922,2125,3889,13239,9601,10250,10731,13943,10963,8618,8961,10141,9508,10843,14252,19022,17160,14173,11539,17638,14264,17498,20853,9049
2020-12-27,6927,2131,3892,13263,9610,10259,10745,13955,10985,8635,8973,10162,9519,10863,14276,19060,17189,14191,11559,17687,14300,17547,20883,9059
2020-12-28,,,,,,,,,,,,,,,,,,,,,,,,
2020-12-29,6960,2139,3896,13316,9640,10287,10767,13995,11030,8681,8993,10205,9540,10902,14333,19130,17259,14245,11600,17760,14377,17622,20956,9081
2020-12-30,6984,2141,3897,13336,9659,10296,10779,14009,11048,8700,9012,10227,9554,10925,14365,19164,17287,14265,11621,17782,14401,17648,21006,9103
2020-12-31,6998,2145,3900,13360,9680,10311,10782,14035,11069,8718,9024,10247,9580,10946,14385,19220,17327,14313,11674,17826,14460,17688,21056,9116
2021-01-01,7005,2149,3904,13395,9697,10328,10790,14054,11096,8735,9032,10277,9605,10976,14404,19268,17365,14346,11712,17849,14510,17720,21103,9127
2021-01-02,7014,2152,3911,13420,9719,10338,10799,14068,11116,8768,9050,10300,9631,10997,14430,19312,17392,14385,11739,17890,14560,17772,21144,9138
2021-01-03,7048,2155,3915,13437,9736,10349,10808,14081,11141,8786,9060,10314,9653,11022,14454,19345,17421,14424,11758,17919,14601,17833,21177,9154
2021-01-04,7063,2157,3922,13462,9751,10359,10817,14087,11172,8810,9072,10332,9678,11042,14480,19391,17450,14454,11786,17951,14634,17866,21211,9166
2021-01-05,7082,2158,3928,13473,9766,10364,10827,14094,11191,8829,9082,10352,9693,11060,14495,19420,17488,14482,11807,17978,14671,17908,21248,9175
2021-01-06,7102,2160,3930,13490,9778,10381,10832,14111,11220,8842,9091,10373,9703,11072,14527,19461,17519,14501,11830,18001,14721,17940,21287,9180
2021-01-07,7118,2165,3934,13523,9797,10400,10848,14135,11248,8870,9112,10404,9720,11093,14558,19506,17557,14536,11858,18039,14773,17990,21326,9194
2021-01-08,7131,2165,3937,13548,9810,10413,10864,14163,11276,8895,9130,10429,9733,11128,14581,19550,17592,14575,11891,18083,14825,18030,21362,9208
2021-01-09,7143,2168,3942,13595,9827,10433,10877,14180,11300,8909,9148,10452,9762,11149,14611,19594,17636,14607,11906,18121,14858,18079,21409,9221
2021-01-10,7157,2170,3943,13629,9847,10440,10887,14193,11323,8933,9159,10476,9771,11174,14642,19625,17662,14630,11939,18157,14891,18126,21451,9235
2021-01-11,7169,2173,3946,13661,9865,10462,10899,14219,11346,8964,9172,10496,9801,11194,14670,19663,17704,14667,11971,18187,14940,18168,21482,9244
2021-01-12,7173,2175,3952,13678,9878,10474,10909,14234,11366,8980,9181,10514,9809,11214,14691,19686,17719,14684,11983,18214,14978,18198,21510,9257
2021-01-13,7183,2179,3955,13705,9894,10485,10924,14247,11374,8997,9196,10535,9828,11234,14724,19710,17739,14708,12008,18237,15005,18232,21521,9259
2021-01-14,7200,2183,3961,13742,9912,10500,10937,14285,11389,9024,9215,10574,9847,11252,14750,19751,17764,14740,12029,18275,15045,18278,21574,9275
2021-01-15,7207,2188,3963,13779,9939,10506,10941,14301,11421,9037,9234,10602,9867,11274,14778,19806,17798,14758,12057,18304,15085,18303,21619,9285
2021-01-16,7223,2190,3967,13811,9955,10518,10951,14317,11443,9056,9245,10618,9904,11303,14807,19849,17820,14788,12075,18324,15118,18347,21655,9294
2021-01-17,7246,2193,3974,13842,9971,10537,10957,14339,11467,9072,9256,10637,9923,11320,14834,19895,17848,14805,12098,18346,15169,18379,21696,9307
2021-01-18,7255,2193,3981,13865,9986,10555,10962,14369,11482,9096,9261,10658,9943,11341,14855,19920,17876,14820,12126,18375,15211,18399,21734,9312
2021-01-19,7260,2194,3985,13877,10007,10569,10968,14379,11501,9109,9272,10671,9955,11362,14871,19943,17904,14838,12146,18396,15233,18430,21760,9317
2021-01-20,7272,2199,3990,13905,10018,10581,10973,14391,11517,9122,9285,10690,9961,11375,14899,19962,17934,14857,12168,18414,15281,18455,21811,9323
2021-01-21,7283,2202,3990,13930,10028,10591,10984,14413,11536,9140,9302,10700,9978,11389,14921,19992,17956,14892,12190,18448,15297,18490,21830,9335
2021-01-22,,,,,,,,,,,,,,,,,,,,,,,,
2021-01-23,,,,,,,,,,,,,,,,,,,,,,,,
2021-01-24,,,,,,,,,,,,,,,,,,,,,,,,
2021-01-25,7305,2212,4011,14016,10085,10639,11022,14454,11605,9211,9370,10756,10038,11469,15022,20135,18054,15000,12273,18548,15412,18611,21954,9361
2021-01-26,7315,2213,4020,14029,10096,10650,11025,14466,11618,9227,9372,10770,10047,11491,15033,20151,18084,15018,12282,18560,15434,18631,21969,9368
2021-01-27,7324,2216,4023,14048,10111,10663,11029,14476,11625,9233,9380,10777,10053,11506,15061,20175,18099,15035,12296,18575,15456,18646,21984,9374
2021-01-28,7331,2217,4026,14066,10119,10671,11038,14481,11648,9245,9402,10794,10068,11514,15087,20214,18137,15056,12305,18598,15495,18665,22006,9377
2021-01-29,7337,2219,4027,14076,10129,10684,11053,14495,11665,9265,9414,10810,10078,11524,15107,20230,18154,15071,12315,18616,15531,18682,22037,9385
2021-01-30,7347,2222,4033,14093,10138,10695,11059,14510,11689,9279,9430,10843,10095,11539,15150,20273,18174,15087,12334,18637,15562,18701,22075,9397
2021-01-31,7357,2226,4034,14107,10153,10705,11069,14523,11704,9306,9453,10856,10109,11556,15166,20301,18195,15111,12347,18655,15595,18721,22086,9403
2021-02-01,7367,2227,4034,14130,10158,10711,11080,14537,11728,9322,9471,10870,10123,11580,15200,20337,18225,15131,12358,18679,15625,18738,22115,9414
2021-02-02,7367,2228,4036,14136,10167,10718,11086,14545,11750,9328,9484,10881,10137,11607,15214,20361,18239,15146,12380,18689,15650,18756,22139,9419
2021-02-03,7376,2233,4039,14152,10182,10730,11094,14558,11765,9339,9496,10889,10144,11620,15229,20382,18263,15172,12391,18701,15674,18766,22155,9420
2021-02-04,7382,2233,4041,14166,10195,10745,11101,14573,11792,9355,9505,10905,10160,11640,15244,20413,18286,15193,12399,18714,15726,18784,22171,9432
2021-02-05,7390,2239,4041,14185,10204,10749,11106,14583,11810,9367,9525,10924,10176,11659,15275,20467,18310,15223,12421,18736,15749,18804,22199,9438
2021-02-06,7393,2240,4050,14199,10216,10760,11114,14601,11824,9382,9532,10947,10185,11673,15295,20505,18336,15233,12436,18751,15780,18814,22232,9452
2021-02-07,7397,2241,4054,14215,10226,10769,11125,14619,11838,9410,9544,10964,10197,11686,15318,20543,18357,15246,12455,18764,15804,18837,22253,9456
2021-02-08,7409,2242,4056,14229,10239,10778,11134,14631,11856,9436,9556,10977,10207,11717,15341,20574,18405,15268,12471,18775,15837,18855,22276,9463
2021-02-09,7413,2245,4057,14245,10245,10789,11140,14652,11873,9453,9560,10987,10216,11747,15352,20598,18424,15295,12496,18793,15870,18878,22308,9470
2021-02-10,7420,2245,4057,14255,10261,10796,11146,14664,11887,9477,9570,11003,10225,11761,15378,20620,18454,15320,12502,18811,15900,18897,22316,9474
2021-02-11,7438,2247,4060,14273,10274,10816,11153,14688,11906,9508,9586,11015,10235,11777,15400,20665,18487,15349,12528,18830,15945,18920,22345,9493
2021-02-12,7450,2248,4062,14285,10293,10826,11161,14706,11924,9533,9609,11037,10253,11800,15426,20703,18521,15372,12550,18846,15978,18950,22371,9504
2021-02-13,,,,,,,,,,,,,,,,,,,,,,,,
2021-02-14,7483,2252,4079,14378,10346,10858,11202,14760,12019,9609,9664,11109,10311,11850,15494,20831,18626,15465,12638,18906,16113,19023,22451,9541
2021-02-15,,,,,,,,,,,,,,,,,,,,,,,,
2021-02-16,7486,2253,4084,14399,10356,10866,11220,14783,12044,9624,9676,11134,10327,11866,15522,20866,18656,15487,12654,18935,16156,19043,22473,9552
2021-02-17,7503,2256,4085,14425,10374,10877,11232,14798,12058,9640,9688,11152,10337,11876,15550,20891,18696,15498,12677,18953,16182,19067,22494,9562
2021-02-18,7517,2266,4093,14460,10398,10889,11247,14831,12085,9667,9703,11207,10344,11896,15582,20942,18727,15539,12694,18988,16245,19098,22530,9582
2021-02-19,7534,2270,4106,14496,10410,10908,11261,14852,12114,9690,9722,11258,10381,11932,15634,20996,18763,15579,12714,19016,16293,19135,22559,9600
2021-02-20,7554,2273,4120,14530,10430,10927,11287,14876,12156,9745,9746,11309,10411,11959,15694,21053,18809,15623,12736,19039,16357,19172,22583,9613
2021-02-21,7569,2276,4128,14561,10448,10940,11309,14898,12202,9788,9760,11344,10440,11992,15751,21110,18865,15651,12764,19082,16432,19203,22642,9633
2021-02-22,7590,2283,4132,14603,10477,10966,11333,14925,12255,9849,9779,11395,10469,12040,15810,21181,18908,15699,12799,19114,16498,19260,22691,9654
2021-02-23,7603,2287,4136,14620,10502,10996,11346,14954,12284,9880,9796,11447,10487,12072,15862,21238,18946,15712,12832,19151,16570,19304,22731,9665
2021-02-24,7629,2291,4138,14659,10517,11011,11359,14980,12308,9914,9822,11474,10500,12086,15898,21292,18970,15742,12857,19175,16610,19327,22773,9687
2021-02-25,7651,2296,4146,14689,10542,11042,11379,15011,12355,9962,9855,11523,10527,12120,15979,21383,19048,15800,12906,19246,16698,19404,22831,9708
2021-02-26,7663,2304,4158,14729,10575,11073,11396,15051,12415,10013,9903,11572,10567,12158,16042,21467,19114,15864,12948,19297,16773,19468,22885,9732
2021-02-27,7686,2310,4166,14770,10596,11092,11424,15095,12452,10045,9936,11631,10601,12184,16089,21567,19188,15909,12984,19342,16838,19540,22941,9744
2021-02-28,7706,2318,4179,14829,10622,11112,11437,15136,12480,10104,9965,11689,10621,12216,16124,21660,19239,15953,13017,19387,16901,19591,22998,9766
2021-03-01,7722,2323,4186,14859,10639,11149,11464,15170,12523,10144,9991,11747,10661,12243,16179,21747,19289,15991,13053,19426,16990,19650,23065,9799
2021-03-02,7733,2326,4191,14884,10660,11165,11486,15189,12583,10172,10028,11792,10702,12280,16211,21811,19333,16032,13083,19473,17039,19702,23104,9811
2021-03-03,7746,2329,4196,14913,10682,11180,11521,15224,12618,10199,10044,11835,10727,12322,16266,21883,19378,16066,13111,19520,17094,19747,23151,9829
2021-03-04,7763,2333,4209,14964,10711,11207,11544,15260,12674,10244,10074,11901,10748,12365,16325,21979,19435,16121,13138,19575,17146,19813,23213,9865
2021-03-05,7784,2338,4218,15002,10731,11240,11576,15298,12745,10268,10114,11944,10792,12403,16366,22086,19515,16175,13182,19631,17201,19868,23268,9879
2021-03-06,7811,2341,4227,15048,10765,11273,11593,15330,12799,10310,10156,11991,10824,12448,16430,22205,19570,16233,13230,19671,17285,19936,23336,9903
2021-03-07,7847,2344,4239,15096,10793,11299,11622,15357,12841,10360,10216,12032,10861,12494,16482,22302,19626,16294,13275,19718,17385,20005,23403,9939
2021-03-08,7880,2350,4255,15136,10822,11328,11647,15392,12890,10399,10247,12085,10919,12532,16542,22405,19681,16377,13317,19783,17488,20079,23462,9965
2021-03-09,7894,2361,4260,15163,10852,11344,11668,15424,12959,10451,10289,12140,10947,12578,16572,22501,19755,16423,13355,19834,17561,20147,23516,9982
2021-03-10,7910,2366,4265,15215,10867,11364,11691,15460,12997,10478,10326,12171,10971,12618,16625,22568,19807,16468,13397,19885,17653,20210,23582,10014
2021-03-11,7930,2373,4275,15258,10898,11386,11711,15506,13067,10528,10367,12248,11015,12671,16708,22719,19922,16567,13456,19952,17762,20295,23690,10047
2021-03-12,7960,2376,4286,15306,10932,11419,11734,15534,13123,10598,10429,12311,11059,12727,16795,22852,20016,16619,13544,20021,17861,20396,23764,10082
2021-03-13,7979,2383,4295,15381,10962,11444,11767,15584,13192,10654,10486,12385,11116,12785,16891,23019,20111,16714,13622,20091,18000,20491,23844,10120
2021-03-14,8003,2387,4311,15439,10997,11478,11807,15635,13264,10724,10544,12464,11178,12862,16992,23197,20202,16779,13697,20179,18092,20604,23939,10148
2021-03-15,8031,2395,4323,15524,11057,11543,11841,15707,13362,10818,10608,12541,11225,12933,17069,23391,20309,16881,13773,20276,18208,20705,24050,10187
2021-03-16,8044,2400,4331,15560,11093,11583,11886,15753,13464,10897,10660,12636,11282,13008,17155,23539,20411,16952,13866,20369,18318,20786,24136,10211
2021-03-17,8076,2411,4343,15659,11132,11638,11920,15821,13537,10975,10720,12704,11326,13080,17274,23706,20509,17037,13964,20456,18435,20882,24257,10267
2021-03-18,8112,2415,4360,15736,11181,11724,11940,15892,13646,11065,10811,12806,11398,13161,17364,23913,20669,17152,14062,20587,18545,21016,24462,10313
2021-03-19,8161,2428,4381,15871,11239,11797,11990,16008,13766,11181,10891,12929,11476,13254,17480,24178,20841,17323,14211,20717,18739,21181,24591,10377
2021-03-20,8201,2445,4392,16005,11294,11875,12055,16103,13924,11330,10985,13072,11590,13369,17627,24429,21065,17450,14372,20855,18889,21336,24754,10435
2021-03-21,8241,2451,4410,16098,11353,11944,12111,16207,14045,11430,11084,13217,11686,13472,17763,24667,21254,17589,14483,20993,19107,21504,24961,10528
2021-03-22,8292,2457,4436,16222,11443,12036,12176,16320,14190,11570,11199,13387,11854,13599,17975,25034,21489,17743,14695,21197,19317,21695,25164,10605
2021-03-23,8320,2471,4452,16331,11495,12114,12239,16469,14345,11714,11319,13544,11986,13738,18099,25339,21733,17884,14879,21364,19465,21832,25327,10663
2021-03-24,8387,2485,4482,16491,11578,12209,12313,16597,14485,11835,11434,13665,12096,13887,18314,25596,21974,18059,15039,21518,19681,22017,25511,10714
2021-03-25,8495,2500,4524,16720,11677,12328,12435,16821,14721,12080,11626,13932,12266,14077,18606,26061,22280,18293,15245,21726,19959,22265,25822,10815
2021-03-26,8636,2511,4588,16925,11782,12475,12561,16988,14961,12303,11800,14198,12496,14278,18944,26476,22619,18499,15549,22024,20239,22538,26136,10935
2021-03-27,8765,2518,4644,17137,11919,12620,12687,17189,15206,12537,11988,14455,12684,14495,19253,26917,22971,18719,15820,22318,20561,22771,26380,11048
2021-03-28,8876,2542,4699,17400,12073,12808,12811,17389,15460,12760,12166,14815,12855,14703,19573,27344,23400,19035,16131,22658,20854,23137,26737,11173
2021-03-29,8985,2569,4769,17654,12264,12974,12953,17683,15709,13005,12402,15150,13047,14938,19912,27829,23842,19353,16520,23066,21217,23485,27120,11330
2021-03-30,9071,2586,4811,17905,12369,13119,13061,17913,15970,13237,12554,15433,13241,15138,20183,28290,24234,19613,16904,23423,21552,23805,27408,11427
2021-03-31,9171,2604,4836,18049,12473,13203,13174,18086,16175,13430,12661,15685,13370,15299,20358,28799,24581,19816,17279,23700,21781,24081,27703,11527
2021-04-01,9316,2641,4892,18334,12652,13323,13303,18292,16437,13696,12862,15936,13597,15505,20718,29165,24916,20042,17480,23961,22076,24309,27938,11635
2021-04-02,9507,2674,4966,18648,12882,13559,13467,18566,16824,13995,13116,16306,13835,15796,21147,29858,25587,20397,17873,24474,22477,24879,28520,11871
2021-04-03,9647,2705,5036,19024,13104,13764,13630,18868,17220,14302,13397,16703,14107,16102,21557,30542,26211,20746,18350,25006,22962,25506,29012,12105
2021-04-04,9793,2745,5116,19405,13302,13984,13783,19157,17618,14712,13683,17132,14431,16411,22136,31223,26753,21116,18854,25584,23428,25982,29521,12353
2021-04-05,9984,2791,5190,19804,13542,14225,13986,19513,18053,15109,13928,17640,14816,16851,22599,32050,27504,21503,19484,26141,23832,26684,30195,12590
2021-04-06,10134,2840,5253,20166,13705,14493,14182,19800,18522,15503,14261,18048,15163,17219,23187,32788,28147,21864,19962,26734,24237,27300,30750,12794
2021-04-07,10315,2875,5334,20542,13961,14683,14394,20092,18911,15829,14531,18465,15543,17533,23672,33476,28820,22312,20459,27334,24807,27992,31338,13065
2021-04-08,10582,2921,5399,21033,14258,14945,14624,20508,19326,16251,14869,18883,15988,17816,24235,34252,29517,22694,20965,28049,25127,28703,32012,13359
2021-04-09,10793,2960,5453,21376,14508,15183,14806,20843,19750,16558,15149,19278,16229,18046,24617,34960,30070,22960,21465,28629,25473,29274,32525,13585
2021-04-10,10990,2993,5506,21814,14758,15401,14993,21135,20060,16865,15449,19690,16538,18362,25032,35637,30635,23360,22015,29236,25918,29855,33007,13920
2021-04-11,11227,3020,5579,22285,15008,15656,15214,21475,20438,17123,15722,20172,16799,18617,25341,36413,31305,23732,22486,29785,26309,30416,33658,14133
2021-04-12,11504,3055,5674,22774,15247,15937,15476,21796,20896,17437,15982,20750,17133,18917,25800,37136,31944,24138,23076,30472,26732,31021,34131,14388
2021-04-13,11649,3089,5791,23155,15356,16184,15614,22052,21220,17658,16151,21179,17358,19153,26071,37824,32510,24390,23433,30832,26960,31476,34536,14505
2021-04-14,11849,3106,5829,23550,15559,16415,15764,22330,21514,17897,16353,21572,17659,19403,26454,38393,32977,24762,23827,31320,27280,31950,34987,14698
2021-04-15,12052,3155,5915,24010,15826,16736,16023,22735,21984,18183,16661,21985,18054,19688,26812,38980,33553,25114,24152,31875,27608,32440,35521,14992
2021-04-16,12242,3183,5963,24483,16031,17029,16211,22996,22284,18447,16869,22439,18351,19927,27142,39658,34109,25496,24529,32365,27882,32980,36014,15214
2021-04-17,12505,3222,6015,24951,16319,17273,16447,23249,22573,18661,17101,22825,18703,20200,27549,40311,34664,25825,24972,32942,28205,33520,36493,15483
2021-04-18,12707,3245,6069,25437,16630,17551,16646,23527,22914,18903,17311,23197,18932,20460,27905,41009,35219,26165,25433,33505,28579,34065,37145,15797
2021-04-19,12937,3283,6115,25908,16850,17808,16843,23768,23223,19114,17494,23582,19181,20642,28178,41632,35836,26516,26041,34092,28907,34697,37681,16060
2021-04-20,13077,3308,6171,26236,17035,18019,17008,24022,23508,19313,17665,23893,19397,20842,28397,42252,36399,26851,26518,34553,29172,35316,38168,16282
2021-04-21,13280,3361,6218,26603,17314,18262,17185,24198,23768,19495,17827,24202,19625,21050,28754,42724,36868,27109,26864,35011,29477,35877,38608,16510
2021-04-22,13514,3393,6274,27072,17573,18498,17381,24456,24003,19660,18003,24559,19860,21267,29053,43287,37381,27385,27187,35492,29706,36417,39125,16795
2021-04-23,13715,3423,6323,27488,17802,18734,17544,24700,24276,19863,18188,24909,20098,21454,29318,43804,37847,27737,27497,35936,30027,36905,39610,16989
2021-04-24,13895,3448,6374,27882,18007,18968,17701,24898,24565,20009,18352,25177,20288,21648,29543,44395,38315,28002,27911,36431,30260,37444,40081,17315
2021-04-25,14064,3481,6403,28203,18192,19146,17821,25068,24734,20154,18473,25438,20466,21804,29734,44792,38695,28243,28197,36789,30488,37823,40501,17562
2021-04-26,14200,3508,6437,28555,18396,19336,17956,25199,24911,20300,18613,25662,20634,21937,29896,45193,39040,28490,28503,37160,30674,38254,40894,17811
2021-04-27,14289,3530,6466,28736,18465,19437,18082,25291,25024,20380,18709,25810,20757,22079,30009,45559,39318,28621,28707,37403,30819,38533,41162,17995
2021-04-28,14416,3554,6490,28976,18623,19547,18175,25383,25157,20487,18817,25960,21052,22198,30162,45808,39604,28745,28874,37637,30946,38796,41464,18118
2021-04-29,14526,3574,6520,29266,18786,19688,18284,25516,25300,20595,18955,26199,21194,22310,30319,46177,39931,28925,29153,38005,31096,39209,41831,18345
2021-04-30,14652,3589,6538,29484,18918,19827,18369,25657,25460,20704,19077,26391,21318,22407,30450,46470,40252,29043,29376,38303,31247,39523,42142,18505
2021-05-01,14744,3600,6567,29677,19056,19946,18460,25769,25573,20801,19193,26545,21415,22525,30582,46772,40527,29176,29593,38560,31385,39838,42447,18667
2021-05-02,14840,3615,6598,29868,19167,20054,18542,25907,25698,20879,19286,26700,21548,22655,30710,47053,40836,29315,29814,38798,31512,40152,42725,18831
2021-05-03,14938,3626,6616,29981,19285,20171,18602,26044,25792,20933,19364,26853,21719,22752,30822,47348,41144,29425,29985,39027,31645,40434,42982,19017
2021-05-04,14993,3640,6634,30066,19369,20256,18651,26121,25891,20965,19443,26967,21794,22838,30898,47573,41351,29530,30134,39229,31710,40641,43175,19133
2021-05-05,15079,3656,6649,30208,19467,20327,18698,26222,25963,21016,19507,27071,21862,22910,30957,47770,41535,29632,30282,39414,31829,40780,43388,19257
2021-05-06,15177,3668,6664,30348,19550,20459,18779,26344,26113,21102,19620,27211,22000,23017,31094,48061,41785,29764,30444,39662,31942,41076,43683,19461
2021-05-07,14479,3642,6429,30831,19016,20486,18853,26426,24829,21359,19371,25629,22475,23358,30872,48172,41589,29895,29962,39640,31766,40542,45058,19531
2021-05-08,14561,3661,6436,30950,19100,20597,18910,26506,24922,21438,19459,25761,22558,23465,30964,48389,41798,30012,30114,39836,31887,40775,45269,19637
2021-05-09,14627,3670,6452,31049,19180,20695,18969,26569,25023,21483,19550,25882,22650,23567,31049,48633,41974,30098,30238,39993,31997,40953,45481,19726
2021-05-10,14693,3674,6462,31157,19255,20766,19039,26637,25084,21528,19612,25976,22717,23631,31120,48856,42149,30200,30343,40160,32076,41104,45699,19830
2021-05-11,14707,3681,6468,31207,19308,20822,19071,26690,25137,21564,19652,26040,22776,23693,31186,49005,42308,30287,30442,40281,32141,41239,45847,19910
2021-05-12,14765,3690,6485,31319,19372,20883,19129,26758,25203,21621,19715,26105,22844,23736,31251,49152,42425,30364,30544,40384,32204,41359,45979,19973
2021-05-13,14822,3706,6510,31427,19455,20974,19188,26833,25302,21675,19785,26224,22931,23813,31327,49327,42588,30479,30664,40570,32263,41564,46197,20065
2021-05-14,,,,,,,,,,,,,,,,,,,,,,,,
2021-05-15,14941,3731,6545,31671,19558,21122,19262,26961,25431,21768,19888,26426,23077,23910,31471,49690,42887,30705,30860,40812,32446,41782,46488,20225
2021-05-16,14961,3740,6553,31753,19640,21162,19292,27017,25487,21802,19930,26486,23122,23968,31517,49803,43004,30753,30944,40919,32491,41892,46582,20291
2021-05-17,15007,3745,6557,31835,19694,21216,19336,27071,25536,21849,19970,26555,23157,24019,31554,49945,43086,30818,31034,41002,32532,41975,46701,20357
2021-05-18,15041,3753,6564,31872,19734,21266,19364,27119,25561,21878,20019,26607,23198,24072,31607,50074,43169,30877,31116,41091,32576,42057,46787,20403
2021-05-19,15087,3756,6566,31939,19780,21316,19391,27162,25594,21902,20058,26655,23253,24107,31645,50171,43287,30937,31169,41142,32605,42147,46909,20434
2021-05-20,15121,3759,6576,32013,19805,21356,19429,27202,25623,21943,20105,26710,23293,24164,31695,50313,43371,30994,31236,41245,32651,42255,47018,20480
2021-05-21,15167,3777,6583,32097,19868,21406,19453,27251,25685,21987,20153,26765,23348,24229,31752,50435,43472,31062,31344,41354,32696,42366,47118,20542
2021-05-22,15238,3783,6586,32167,19930,21456,19477,27304,25745,22033,20198,26825,23387,24288,31804,50605,43590,31145,31418,41452,32737,42459,47223,20583
2021-05-23,15265,3791,6592,32249,19964,21491,19504,27353,25771,22068,20245,26885,23426,24324,31829,50737,43686,31192,31474,41556,32781,42553,47366,20641
2021-05-24,15301,3793,6596,32327,19992,21531,19529,27409,25813,22103,20284,26923,23476,24361,31872,50883,43795,31252,31559,41660,32832,42642,47482,20710
2021-05-25,15308,3798,6603,32370,20017,21561,19540,27437,25848,22131,20307,26954,23502,24396,31895,50967,43879,31302,31613,41739,32865,42709,47595,20754
2021-05-26,,,,,,,,,,,,,,,,,,,,,,,,
2021-05-27,,,,,,,,,,,,,,,,,,,,,,,,
2021-05-28,15397,3817,6634,32571,20120,21657,19597,27555,25947,22205,20395,27091,23632,24546,32017,51277,44115,31524,31762,41967,33032,42938,47915,20908
2021-05-29,15429,3821,6640,32605,20138,21682,19608,27595,25983,22224,20417,27129,23670,24575,32040,51371,44167,31575,31800,42025,33072,43001,48006,20948
2021-05-30,15459,3824,6642,32654,20157,21722,19621,27633,26014,22264,20445,27188,23691,24611,32080,51450,44219,31627,31861,42105,33120,43090,48089,20983
2021-05-31,15498,3825,6646,32712,20175,21761,19650,27665,26059,22288,20472,27230,23728,24652,32117,51560,44277,31687,31916,42176,33152,43140,48178,21044
2021-06-01,15509,3829,6647,32757,20196,21772,19663,27692,26081,22302,20481,27261,23743,24671,32132,51615,44322,31727,31940,42207,33175,43199,48248,21080
2021-06-02,15525,3832,6648,32800,20212,21799,19676,27720,26113,22334,20502,27301,23771,24703,32165,51696,44383,31750,32006,42253,33211,43244,48306,21106
2021-06-03,15551,3837,6655,32859,20229,21824,19685,27747,26138,22356,20523,27342,23799,24735,32208,51805,44438,31797,32067,42318,33247,43313,48389,21155
2021-06-04,15578,3842,6659,32898,20252,21847,19706,27774,26167,22379,20539,27397,23839,24762,32239,51905,44506,31833,32120,42367,33290,43375,48469,21207
2021-06-05,15601,3843,6664,32939,20288,21879,19733,27809,26199,22396,20567,27425,23863,24797,32268,51999,44566,31884,32167,42433,33334,43436,48555,21260
2021-06-06,15642,3849,6671,32966,20307,21907,19763,27825,26226,22414,20592,27449,23888,24829,32293,52064,44634,31928,32201,42487,33360,43498,48662,21300
2021-06-07,15662,3851,6672,33012,20324,21931,19780,27849,26246,22442,20610,27476,23922,24867,32330,52142,44693,31971,32240,42541,33394,43548,48727,21333
2021-06-08,15674,3852,6678,33030,20337,21945,19794,27871,26266,22463,20622,27506,23954,24888,32361,52218,44751,32038,32260,42586,33425,43609,48792,21364
2021-06-09,15690,3856,6679,33056,20358,21971,19817,27902,26284,22484,20647,27525,23979,24913,32394,52277,44796,32080,32287,42628,33452,43666,48854,21393
2021-06-10,15705,3858,6684,33082,20384,22002,19845,27925,26329,22520,20665,27539,24001,24936,32419,52367,44858,32133,32339,42684,33477,43720,48913,21434
2021-06-11,,,,,,,,,,,,,,,,,,,,,,,,
2021-06-12,15744,3862,6701,33142,20415,22044,19870,27974,26375,22563,20695,27584,24052,24971,32459,52459,44943,32214,32416,42776,33532,43813,49017,21482
2021-06-13,15768,3863,6705,33163,20427,22056,19886,27990,26398,22585,20709,27619,24076,24993,32482,52521,44979,32262,32454,42833,33556,43875,49092,21513
2021-06-14,15784,3865,6708,33183,20442,22076,19900,28003,26449,22607,20717,27661,24110,25009,32505,52585,45025,32287,32490,42885,33575,43920,49135,21551
2021-06-15,15793,3865,6710,33207,20453,22089,19914,28010,26470,22626,20732,27688,24122,25028,32521,52630,45065,32308,32512,42919,33602,43965,49181,21580
2021-06-16,15806,3866,6715,33233,20466,22109,19927,28030,26491,22641,20753,27709,24153,25043,32536,52677,45109,32331,32541,42966,33633,43982,49226,21594
2021-06-17,15825,3867,6720,33273,20495,22125,19944,28038,26530,22659,20779,27738,24182,25077,32576,52753,45180,32360,32594,43011,33659,44018,49298,21624
2021-06-18,15836,3869,6723,33295,20508,22149,19949,28053,26549,22679,20795,27768,24202,25091,32609,52820,45230,32410,32628,43062,33685,44051,49358,21644
2021-06-19,15857,3870,6728,33333,20533,22166,19958,28062,26584,22698,20814,27796,24213,25122,32640,52898,45273,32442,32676,43126,33702,44106,49417,21697
2021-06-20,15878,3873,6729,33361,20557,22176,19965,28076,26619,22716,20832,27828,24242,25143,32653,52957,45325,32474,32710,43177,33722,44155,49488,21718
2021-06-21,15898,3875,6731,33399,20570,22198,19968,28098,26639,22738,20853,27851,24264,25159,32676,53031,45379,32517,32775,43225,33748,44198,49543,21751
2021-06-22,15902,3877,6734,33425,20579,22216,19979,28109,26662,22755,20858,27864,24282,25179,32703,53100,45418,32542,32797,43254,33772,44233,49577,21779
2021-06-23,15913,3877,6735,33476,20585,22230,19992,28122,26682,22770,20865,27882,24295,25191,32725,53159,45457,32577,32847,43290,33792,44250,49601,21794
2021-06-24,15934,3881,6741,33505,20600,22249,20009,28129,26704,22795,20888,27915,24326,25222,32763,53253,45510,32617,32877,43346,33827,44317,49679,21829
2021-06-25,15953,3889,6742,33541,20624,22266,20026,28152,26734,22819,20905,27946,24344,25241,32789,53351,45563,32648,32915,43387,33855,44349,49747,21855
2021-06-26,15967,3890,6751,33599,20633,22296,20040,28171,26756,22841,20925,27995,24371,25264,32815,53423,45605,32682,32958,43421,33874,44391,49780,21881
2021-06-27,15984,3891,6757,33626,20653,22315,20051,28189,26765,22859,20936,28030,24393,25288,32842,53513,45646,32705,32990,43472,33906,44432,49822,21900
2021-06-28,15992,3892,6760,33659,20672,22332,20071,28213,26788,22882,20953,28057,24407,25313,32870,53602,45700,32743,33046,43511,33941,44482,49872,21919
2021-06-29,16004,3893,6761,33685,20680,22341,20081,28239,26808,22898,20964,28081,24428,25328,32907,53666,45731,32784,33081,43543,33966,44513,49912,21947
2021-06-30,16011,3893,6764,33718,20694,22359,20095,28251,26843,22913,20969,28098,24463,25342,32930,53702,45760,32810,33108,43586,33995,44558,49961,21963
2021-07-01,16023,3893,6769,33764,20707,22381,20113,28275,26871,22933,20985,28128,24479,25364,32956,53785,45814,32849,33160,43622,34032,44595,50003,21989
2021-07-02,16040,3896,6771,33785,20718,22406,20128,28294,26907,22946,21002,28162,24504,25385,32984,53864,45856,32889,33194,43660,34056,44638,50055,22014
2021-07-03,16061,3898,6774,33824,20727,22427,20139,28319,26937,22961,21013,28178,24530,25403,33020,53927,45893,32923,33245,43711,34078,44667,50098,22043
2021-07-04,16066,3900,6781,33866,20744,22449,20150,28337,26965,22975,21030,28210,24544,25414,33045,53987,45933,32948,33268,43741,34096,44702,50136,22062
2021-07-05,16076,3900,6783,33903,20757,22467,20157,28356,26987,22983,21040,28240,24574,25429,33062,54043,45968,32961,33295,43778,34115,44737,50183,22081
2021-07-06,16078,3901,6783,33915,20772,22482,20175,28372,27000,22995,21055,28259,24593,25450,33084,54091,45998,32984,33317,43809,34138,44770,50208,22110
2021-07-07,16079,3904,6785,33936,20787,22488,20190,28379,27021,23004,21066,28275,24611,25460,33100,54139,46018,33010,33355,43842,34166,44796,50245,22125
2021-07-08,16093,3909,6790,33965,20809,22508,20213,28408,27053,23022,21083,28319,24627,25489,33120,54213,46047,33051,33376,43865,34188,44840,50284,22150
2021-07-09,,,,,,,,,,,,,,,,,,,,,,,,
2021-07-10,,,,,,,,,,,,,,,,,,,,,,,,
2021-07-11,16140,3915,6797,34042,20845,22550,20256,28470,27129,23081,21120,28390,24688,25529,33190,54367,46132,33143,33462,43957,34261,44947,50387,22195
2021-07-12,16150,3916,6801,34065,20854,22568,20262,28497,27160,23113,21129,28422,24709,25540,33219,54400,46157,33169,33488,43997,34297,44983,50417,22216
2021-07-13,16152,3916,6802,34084,20869,22584,20272,28524,27175,23139,21133,28439,24723,25554,33246,54441,46189,33195,33504,44017,34317,45023,50469,22233
2021-07-14,16171,3916,6804,34107,20878,22613,20281,28535,27200,23144,21152,28457,24730,25566,33264,54467,46225,33221,33519,44042,34337,45054,50505,22246
2021-07-15,16181,3917,6807,34133,20900,22638,20287,28548,27225,23170,21172,28481,24749,25593,33289,54510,46258,33263,33530,44073,34354,45094,50567,22263
2021-07-16,16198,3919,6809,34164,20910,22660,20299,28574,27252,23185,21199,28507,24764,25604,33318,54549,46285,33284,33552,44096,34372,45136,50603,22274
2021-07-17,16209,3919,6811,34189,20919,22671,20311,28596,27271,23196,21212,28525,24785,25620,33337,54576,46308,33317,33571,44119,34387,45149,50651,22288
2021-07-18,16223,3919,6813,34205,20933,22684,20328,28616,27282,23211,21223,28546,24799,25631,33355,54612,46331,33350,33581,44148,34409,45196,50690,22305
2021-07-19,16230,3919,6816,34217,20940,22696,20340,28635,27297,23224,21236,28562,24814,25651,33374,54651,46361,33386,33592,44167,34428,45223,50743,22316
2021-07-20,16236,3919,6821,34228,20944,22709,20346,28653,27324,23234,21252,28573,24823,25669,33393,54676,46405,33403,33605,44190,34449,45255,50768,22326
2021-07-21,16241,3919,6823,34249,20949,22723,20353,28663,27337,23249,21264,28594,24826,25682,33405,54729,46424,33414,33621,44201,34469,45279,50789,22335
2021-07-22,,,,,,,,,,,,,,,,,,,,,,,,
2021-07-23,16272,3921,6825,34297,20974,22752,20376,28706,27372,23281,21291,28628,24858,25705,33424,54768,46457,33467,33651,44229,34504,45350,50868,22357
2021-07-24,16278,3921,6826,34312,21000,22761,20384,28722,27385,23287,21306,28645,24868,25716,33431,54805,46475,33494,33662,44247,34515,45370,50899,22377
2021-07-25,16290,3923,6827,34322,21005,22776,20388,28741,27403,23299,21313,28663,24878,25724,33444,54825,46502,33515,33672,44264,34529,45402,50924,22389
2021-07-26,16307,3923,6828,34350,21021,22787,20390,28754,27419,23306,21325,28679,24896,25728,33459,54875,46523,33532,33684,44284,34557,45418,50951,22403
2021-07-27,16311,3923,6831,34370,21027,22797,20395,28775,27433,23311,21341,28699,24904,25737,33475,54898,46528,33549,33694,44292,34583,45439,50963,22409
2021-07-28,16322,3924,6834,34393,21041,22809,20398,28792,27447,23320,21353,28720,24928,25747,33481,54925,46549,33562,33713,44305,34599,45452,50979,22417
2021-07-29,,,,,,,,,,,,,,,,,,,,,,,,
2021-07-30,16339,3927,6837,34436,21067,22822,20417,28811,27475,23354,21385,28766,24948,25770,33506,54984,46594,33620,33735,44351,34628,45477,51027,22444
2021-07-31,16346,3927,6840,34464,21075,22827,20432,28827,27490,23374,21394,28779,24952,25779,33515,55013,46611,33630,33742,44377,34641,45497,51040,22452
2021-08-01,,,,,,,,,,,,,,,,,,,,,,,,
2021-08-02,,,,,,,,,,,,,,,,,,,,,,,,
2021-08-03,,,,,,,,,,,,,,,,,,,,,,,,
2021-08-04,,,,,,,,,,,,,,,,,,,,,,,,
2021-08-05,16392,3931,6857,34567,21119,22867,20470,28883,27555,23425,21453,28859,24996,25835,33582,55153,46682,33710,33787,44439,34729,45635,51135,22494
2021-08-06,16283,3900,6823,34591,20687,23014,20361,28767,27119,23428,21370,28550,24959,26317,33468,54964,46122,33532,33876,44478,34715,45598,51324,22298
2021-08-07,16296,3900,6825,34599,20694,23017,20375,28788,27136,23441,21382,28573,24971,26328,33474,54987,46135,33541,33884,44494,34724,45608,51344,22313
2021-08-08,16308,3901,6829,34622,20703,23029,20383,28793,27147,23463,21388,28590,24983,26340,33478,54995,46151,33557,33903,44515,34737,45626,51369,22325
2021-08-09,16323,3904,6829,34636,20715,23037,20393,28804,27151,23468,21404,28607,24993,26352,33490,55022,46171,33567,33911,44526,34747,45645,51385,22337
2021-08-10,16325,3903,6833,34642,20714,23042,20406,28805,27154,23492,21409,28618,25007,26362,33498,55034,46181,33584,33921,44535,34759,45656,51397,22342
2021-08-11,16332,3904,6835,34652,20719,23045,20415,28814,27168,23498,21416,28626,25009,26370,33503,55055,46192,33601,33934,44543,34769,45669,51423,22345
2021-08-12,,,,,,,,,,,,,,,,,,,,,,,,
2021-08-13,16357,3909,6837,34672,20734,23060,20448,28822,27205,23527,21450,28654,25023,26391,33535,55090,46224,33628,33963,44553,34784,45706,51447,22364
2021-08-14,16370,3910,6839,34698,20741,23071,20458,28835,27219,23534,21466,28666,25031,26397,33547,55111,46244,33641,33970,44564,34789,45719,51462,22373
2021-08-15,16373,3913,6839,34712,20746,23080,20465,28843,27233,23547,21473,28678,25034,26422,33559,55122,46270,33652,33983,44576,34802,45729,51474,22383
2021-08-16,16385,3914,6841,34723,20754,23084,20481,28846,27249,23554,21478,28687,25037,26435,33571,55145,46285,33666,34000,44589,34807,45738,51493,22390
2021-08-17,16387,3914,6842,34728,20757,23096,20487,28851,27258,23563,21490,28699,25040,26446,33578,55153,46292,33674,34007,44599,34817,45759,51512,22392
2021-08-18,16392,3916,6845,34742,20761,23098,20494,28858,27266,23567,21498,28707,25042,26453,33590,55160,46305,33680,34011,44611,34827,45766,51518,22397
2021-08-19,16397,3916,6848,34755,20776,23107,20506,28866,27276,23576,21516,28722,25050,26462,33604,55172,46318,33695,34017,44630,34841,45793,51530,22407
2021-08-20,16411,3917,6848,34773,20784,23118,20511,28878,27289,23593,21524,28732,25060,26472,33614,55186,46332,33708,34026,44647,34853,45810,51551,22412
2021-08-21,16414,3920,6852,34783,20793,23133,20536,28886,27296,23607,21543,28748,25071,26485,33625,55202,46352,33713,34036,44671,34864,45823,51572,22419
2021-08-22,16420,3922,6855,34807,20806,23140,20542,28900,27308,23618,21553,28757,25078,26496,33639,55223,46357,33726,34037,44682,34876,45832,51593,22422
2021-08-23,16424,3926,6856,34835,20819,23155,20553,28914,27325,23636,21563,28773,25081,26514,33652,55237,46368,33745,34046,44691,34878,45843,51606,22430
2021-08-24,16427,3927,6857,34852,20829,23165,20563,28920,27336,23641,21569,28783,25086,26523,33663,55255,46376,33750,34054,44708,34890,45856,51616,22434
2021-08-25,,,,,,,,,,,,,,,,,,,,,,,,
2021-08-26,,,,,,,,,,,,,,,,,,,,,,,,
2021-08-27,16466,3933,6861,34906,20889,23192,20592,28971,27373,23669,21607,28858,25115,26544,33705,55309,46418,33791,34095,44745,34929,45910,51669,22463
2021-08-28,16475,3939,6865,34919,20902,23200,20607,28985,27391,23688,21624,28883,25137,26558,33716,55332,46436,33802,34099,44756,34934,45936,51689,22473
2021-08-29,16486,3941,6866,34930,20907,23215,20618,29017,27415,23694,21644,28896,25153,26568,33730,55359,46458,33828,34115,44770,34953,45960,51708,22484
2021-08-30,16499,3942,6869,34941,20921,23221,20638,29043,27452,23701,21649,28911,25159,26585,33741,55377,46469,33844,34123,44779,34969,45974,51730,22498
2021-08-31,16502,3944,6871,34960,20929,23233,20667,29059,27461,23711,21659,28915,25166,26596,33746,55411,46482,33865,34131,44792,34985,45998,51749,22509
2021-09-01,16515,3946,6874,34964,20947,23248,20676,29073,27471,23718,21668,28937,25172,26605,33767,55432,46495,33883,34140,44809,34992,46014,51769,22522
2021-09-02,16528,3949,6876,34973,20958,23264,20691,29091,27492,23737,21681,28958,25178,26627,33784,55452,46512,33900,34157,44826,35015,46038,51800,22528
2021-09-03,16534,3950,6882,34995,20978,23278,20702,29112,27526,23769,21695,28975,25195,26642,33794,55475,46529,33919,34177,44840,35031,46069,51827,22542
2021-09-04,16552,3957,6885,35009,21000,23293,20723,29129,27544,23789,21717,29002,25211,26659,33812,55501,46546,33933,34197,44847,35047,46092,51836,22556
2021-09-05,16562,3959,6885,35030,21022,23297,20729,29145,27567,23805,21722,29032,25233,26672,33837,55530,46570,33958,34215,44865,35063,46104,51864,22569
2021-09-06,16564,3960,6892,35045,21049,23319,20749,29162,27599,23824,21740,29059,25256,26684,33860,55575,46599,33981,34228,44876,35074,46122,51888,22594
2021-09-07,16571,3963,6896,35058,21067,23343,20761,29175,27624,23836,21749,29080,25270,26700,33879,55613,46625,33996,34240,44887,35086,46144,51899,22601
2021-09-08,,,,,,,,,,,,,,,,,,,,,,,,
2021-09-09,16598,3970,6900,35104,21121,23386,20779,29215,27676,23879,21768,29135,25283,26709,33905,55652,46666,34052,34267,44925,35137,46194,51945,22611
2021-09-10,16610,3972,6903,35126,21158,23396,20798,29241,27695,23903,21788,29155,25296,26727,33928,55678,46686,34083,34278,44939,35156,46206,51971,22624
2021-09-11,16626,3978,6906,35151,21171,23411,20807,29254,27717,23921,21813,29175,25309,26743,33963,55705,46709,34114,34297,44955,35171,46220,51994,22636
2021-09-12,16645,3982,6911,35165,21184,23440,20815,29262,27729,23930,21820,29205,25315,26757,33974,55740,46727,34130,34305,44960,35175,46243,52016,22643
2021-09-13,16657,3984,6915,35181,21204,23451,20824,29274,27741,23946,21835,29222,25320,26764,33995,55779,46750,34140,34319,44974,35192,46264,52029,22650
2021-09-14,16666,3987,6916,35193,21220,23462,20830,29294,27763,23965,21844,29230,25329,26775,34013,55811,46775,34154,34327,44992,35203,46289,52044,22660
2021-09-15,16676,3989,6919,35211,21241,23473,20836,29313,27776,23983,21854,29248,25329,26791,34031,55854,46784,34167,34344,45010,35216,46301,52077,22669
2021-09-16,16697,3992,6922,35243,21253,23490,20850,29325,27798,24002,21868,29286,25336,26808,34051,55911,46823,34183,34373,45024,35237,46323,52108,22676
2021-09-17,16702,3996,6923,35268,21267,23502,20872,29335,27823,24013,21879,29316,25355,26821,34066,55948,46842,34203,34399,45037,35248,46344,52150,22686
2021-09-18,16709,3997,6924,35262,21288,23516,20883,29346,27834,24015,21883,29344,25001,26831,34075,55944,46856,34206,34417,45058,35256,46360,52173,22695
2021-09-19,16715,3999,6926,35279,21300,23529,20900,29354,27854,24032,21889,29366,25025,26847,34088,55996,46875,34233,34438,45083,35284,46399,52220,22704
2021-09-20,16725,4002,6931,35301,21320,23545,20909,29360,27872,24052,21893,29387,25036,26863,34101,56038,46908,34253,34474,45092,35298,46417,52248,22712
2021-09-21,16727,4006,6933,35315,21369,23558,20911,29379,27885,24058,21904,29413,25043,26878,34123,56079,46928,34261,34486,45104,35317,46439,52270,22719
2021-09-22,,,,,,,,,,,,,,,,,,,,,,,,
2021-09-23,16748,4008,6941,35341,21389,23588,20930,29406,27920,24097,21925,29470,25065,26915,34157,56146,46982,34281,34514,45140,35364,46494,52327,22741
2021-09-24,,,,,,,,,,,,,,,,,,,,,,,,
2021-09-25,,,,,,,,,,,,,,,,,,,,,,,,
2021-09-26,16789,4020,6949,35427,21430,23629,20966,29445,27995,24168,21964,29553,25109,26965,34226,56275,47066,34348,34570,45174,35406,46566,52399,22757
2021-09-27,,,,,,,,,,,,,,,,,,,,,,,,
2021-09-28,16808,4028,6952,35483,21447,23672,20975,29468,28027,24204,21984,29589,25132,26990,34258,56346,47103,34390,34612,45211,35462,46620,52470,22771
2021-09-29,16818,4032,6953,35505,21463,23686,20998,29469,28039,24212,21992,29614,25144,27010,34266,56379,47128,34400,34627,45238,35478,46640,52485,22782
2021-09-30,16899,4058,7000,35603,21560,23785,21069,29598,28205,24369,22066,29724,25342,27198,34416,56621,47492,34706,34767,45409,35808,46780,52671,22931
2021-10-01,16914,4060,7004,35627,21572,23806,21108,29606,28241,24382,22075,29745,25375,27219,34438,56658,47516,34735,34783,45425,35827,46803,52703,22940
2021-10-02,16926,4063,7008,35648,21582,23826,21121,29622,28277,24393,22084,29759,25385,27229,34459,56697,47537,34757,34798,45441,35847,46832,52732,22946
2021-10-03,16945,4065,7012,35670,21593,23842,21127,29628,28308,24410,22097,29789,25401,27238,34459,56735,47558,34777,34812,45456,35864,46847,52758,22955
2021-10-04,16954,4068,7016,35685,21608,23869,21146,29647,28319,24448,22113,29810,25411,27259,34485,56814,47589,34812,34834,45482,35881,46881,52788,22969
2021-10-05,16958,4070,7022,35702,21611,23882,21152,29661,28338,24453,22131,29831,25443,27271,34500,56852,47609,34826,34854,45495,35907,46900,52822,22978
2021-10-06,16979,4071,7031,35732,21635,23887,21167,29672,28357,24463,22142,29853,25454,27291,34512,56884,47639,34840,34872,45517,35937,46931,52842,22986
2021-10-07,16994,4075,7036,35770,21656,23907,21200,29697,28383,24479,22160,29887,25470,27310,34530,56931,47676,34865,34895,45545,35975,46972,52878,22996
2021-10-08,17002,4079,7041,35817,21678,23933,21218,29709,28415,24486,22176,29909,25482,27323,34537,56964,47714,34881,34909,45571,36002,46997,52910,23005
2021-10-09,17016,4080,7042,35851,21701,23949,21235,29730,28442,24497,22197,29938,25502,27343,34557,57004,47745,34895,34925,45590,36030,47033,52950,23020
2021-10-10,17023,4080,7045,35880,21721,23970,21250,29747,28471,24511,22214,29973,25521,27361,34568,57051,47781,34919,34945,45616,36044,47068,52979,23036
2021-10-11,17036,4084,7047,35914,21736,23980,21262,29755,28501,24521,22222,29987,25535,27365,34582,57098,47819,34944,34962,45641,36063,47083,53009,23050
2021-10-12,,,,,,,,,,,,,,,,,,,,,,,,
2021-10-13,17066,4091,7053,35982,21769,24005,21289,29772,28523,24554,22239,30043,25560,27394,34614,57179,47898,34979,34986,45688,36095,47120,53066,23070
2021-10-14,17073,4091,7055,36020,21791,24017,21298,29791,28547,24570,22251,30065,25588,27413,34621,57214,47930,34991,35005,45713,36112,47160,53094,23087
2021-10-15,17088,4093,7062,36061,21817,24038,21314,29813,28580,24581,22267,30101,25607,27433,34633,57252,47969,35002,35026,45733,36128,47185,53122,23105
2021-10-16,17103,4093,7067,36101,21829,24047,21330,29833,28596,24595,22278,30134,25623,27446,34652,57312,47998,35013,35049,45744,36147,47208,53133,23123
2021-10-17,17111,4093,7073,36127,21840,24057,21347,29845,28608,24606,22281,30157,25639,27462,34664,57348,48008,35020,35055,45755,36136,47230,53147,23134
2021-10-18,,,,,,,,,,,,,,,,,,,,,,,,
2021-10-19,17128,4096,7074,36168,21862,24081,21390,29866,28635,24623,22301,30219,25649,27505,34672,57398,48047,35016,35094,45795,36175,47279,53199,23146
2021-10-20,17139,4096,7079,36187,21863,24101,21397,29873,28649,24637,22313,30238,25653,27510,34681,57430,48068,35025,35113,45813,36187,47300,53221,23157
2021-10-21,17150,4097,7086,36214,21873,24122,21410,29891,28677,24657,22333,30262,25673,27526,34687,57467,48099,35039,35136,45838,36203,47317,53245,23172
2021-10-22,17168,4098,7089,36239,21888,24133,21422,29913,28683,24665,22346,30278,25692,27535,34709,57504,48130,35054,35155,45855,36222,47342,53278,23185
2021-10-23,17175,4100,7093,36257,21900,24149,21414,29948,28708,24673,22358,30307,25707,27541,34717,57539,48153,35070,35185,45873,36226,47364,53312,23196
2021-10-24,17192,4101,7102,36294,21916,24161,21431,29955,28730,24686,22381,30334,25725,27554,34736,57576,48184,35081,35193,45891,36247,47387,53346,23202
2021-10-25,17210,4104,7105,36315,21930,24170,21445,29967,28743,24698,22387,30357,25734,27572,34748,57616,48208,35094,35203,45912,36270,47409,53370,23211
2021-10-26,17209,4104,7105,36324,21942,24181,21453,29977,28753,24715,22397,30372,25743,27582,34755,57641,48223,35106,35215,45920,36281,47426,53390,23217
2021-10-27,17224,4109,7105,36330,21946,24192,21457,29992,28762,24728,22402,30401,25747,27587,34771,57671,48242,35118,35230,45935,36294,47444,53403,23224
2021-10-28,17233,4109,7108,36331,21955,24203,21479,30005,28778,24732,22419,30433,25755,27606,34787,57709,48266,35129,35260,45963,36303,47461,53433,23234
2021-10-29,17241,4109,7115,36350,21965,24208,21491,30014,28802,24738,22423,30454,25775,27619,34806,57735,48281,35142,35264,45983,36325,47480,53449,23238
2021-10-30,17255,4111,7113,36361,21960,24210,21493,30017,28807,24744,22428,30461,25783,27620,34816,57759,48300,35152,35277,45997,36329,47484,53459,23242
2021-10-31,17264,4111,7114,36380,21974,24227,21501,30030,28819,24754,22437,30513,25794,27628,34825,57802,48320,35170,35288,46025,36335,47515,53479,23245
2021-11-01,17269,4112,7115,36401,21980,24239,21520,30042,28825,24764,22447,30527,25810,27642,34838,57828,48339,35186,35304,46038,36342,47526,53502,23251
2021-11-02,17271,4112,7117,36412,21987,24250,21526,30049,28830,24772,22457,30546,25819,27653,34848,57849,48362,35203,35314,46056,36353,47543,53522,23253
2021-11-03,17280,4112,7119,36425,21989,24257,21529,30059,28850,24778,22465,30554,25836,27646,34853,57871,48367,35208,35323,46065,36369,47553,53535,23259
2021-11-04,17285,4113,7120,36436,21998,24269,21537,30068,28868,24787,22483,30586,25849,27659,34858,57900,48397,35223,35343,46074,36378,47557,53550,23274
2021-11-05,17288,4115,7122,36457,22004,24273,21547,30089,28878,24799,22485,30606,25856,27662,34863,57930,48423,35231,35354,46085,36385,47567,53567,23281
2021-11-06,,,,,,,,,,,,,,,,,,,,,,,,
2021-11-07,,,,,,,,,,,,,,,,,,,,,,,,
2021-11-08,17298,4118,7125,36507,22018,24290,21558,30121,28916,24820,22514,30644,25882,27685,34890,57999,48449,35245,35402,46098,36414,47594,53595,23302
2021-11-09,,,,,,,,,,,,,,,,,,,,,,,,
2021-11-10,17307,4119,7128,36533,22030,24303,21575,30146,28928,24831,22527,30674,25908,27690,34915,58058,48476,35255,35422,46122,36442,47609,53627,23307
2021-11-11,17323,4121,7129,36553,22038,24318,21588,30155,28935,24842,22532,30699,25914,27698,34921,58099,48491,35279,35442,46142,36457,47625,53647,23317
2021-11-12,,,,,,,,,,,,,,,,,,,,,,,,
2021-11-13,17349,4121,7136,36593,22049,24334,21591,30165,28951,24861,22540,30732,25931,27714,34936,58154,48521,35299,35459,46176,36472,47659,53689,23337
2021-11-14,,,,,,,,,,,,,,,,,,,,,,,,
2021-11-15,17368,4121,7136,36623,22063,24361,21599,30172,28980,24878,22554,30769,25943,27733,34948,58206,48555,35327,35479,46208,36488,47671,53724,23347
2021-11-16,17362,4121,7144,36630,22068,24364,21604,30176,28983,24882,22564,30783,25945,27737,34952,58227,48575,35333,35485,46224,36494,47685,53740,23351
2021-11-17,,,,,,,,,,,,,,,,,,,,,,,,
2021-11-18,17379,4121,7147,36646,22077,24379,21614,30182,29014,24895,22581,30827,25962,27736,34969,58272,48615,35353,35512,46228,36528,47721,53763,23364
2021-11-19,17383,4121,7150,36656,22082,24391,21619,30187,29021,24896,22591,30845,25969,27740,34982,58290,48628,35364,35516,46237,36537,47733,53775,23369
2021-11-20,,,,,,,,,,,,,,,,,,,,,,,,
2021-11-21,17390,4123,7156,36680,22093,24399,21628,30204,29038,24908,22602,30879,25971,27748,35000,58332,48661,35381,35551,46248,36554,47752,53800,23378
2021-11-22,17397,4123,7158,36692,22101,24402,21629,30214,29052,24915,22607,30893,25978,27758,35006,58351,48673,35394,35559,46257,36562,47761,53810,23386
2021-11-23,17401,4123,7161,36702,22103,24408,21631,30218,29057,24915,22608,30902,25985,27765,35016,58363,48676,35408,35577,46266,36571,47773,53818,23390
2021-11-24,17401,4124,7161,36716,22105,24411,21642,30221,29068,24925,22614,30912,25988,27769,35025,58367,48692,35416,35587,46274,36577,47784,53842,23396
2021-11-25,17412,4124,7161,36731,22113,24416,21647,30227,29083,24935,22621,30922,25993,27778,35032,58384,48703,35426,35598,46294,36590,47794,53870,23398
2021-11-26,,,,,,,,,,,,,,,,,,,,,,,,
2021-11-27,,,,,,,,,,,,,,,,,,,,,,,,
2021-11-28,,,,,,,,,,,,,,,,,,,,,,,,
2021-11-29,17420,4125,7163,36786,22116,24437,21665,30247,29101,24964,22653,30972,26020,27810,35064,58474,48749,35466,35650,46330,36628,47843,53927,23421
2021-11-30,,,,,,,,,,,,,,,,,,,,,,,,
2021-12-01,17423,4128,7166,36802,22124,24444,21668,30260,29114,24972,22664,30990,26025,27825,35074,58512,48763,35480,35655,46346,36647,47855,53950,23424
2021-12-02,17427,4128,7170,36806,22125,24452,21677,30264,29116,24974,22669,30993,26027,27831,35083,58521,48766,35485,35660,46352,36649,47864,53953,23424
2021-12-03,,,,,,,,,,,,,,,,,,,,,,,,
2021-12-04,17441,4128,7170,36825,22134,24463,21684,30277,29127,24991,22678,31016,26032,27842,35096,58566,48800,35501,35692,46367,36668,47897,53970,23434
2021-12-05,17446,4130,7170,36840,22137,24469,21688,30280,29131,25001,22684,31028,26035,27848,35102,58587,48810,35515,35708,46374,36687,47905,53988,23438
2021-12-06,17451,4131,7171,36851,22140,24479,21694,30293,29138,25009,22690,31038,26043,27846,35114,58608,48815,35529,35718,46388,36696,47914,53996,23440
2021-12-07,,,,,,,,,,,,,,,,,,,,,,,,
2021-12-08,,,,,,,,,,,,,,,,,,,,,,,,
2021-12-09,17466,4132,7172,36895,22160,24507,21713,30307,29158,25027,22697,31083,26059,27860,35138,58696,48860,35543,35743,46432,36715,47940,54026,23452
2021-12-10,17470,4133,7173,36908,22167,24518,21716,30317,29168,25038,22697,31105,26062,27865,35145,58715,48875,35552,35755,46442,36719,47956,54035,23460
2021-12-11,17472,4135,7173,36923,22168,24529,21722,30324,29175,25043,22698,31116,26064,27866,35155,58737,48895,35554,35770,46441,36725,47976,54044,23472
2021-12-12,17481,4135,7173,36932,22178,24542,21727,30328,29189,25054,22702,31135,26069,27878,35167,58769,48914,35560,35785,46452,36728,47993,54050,23475
2021-12-13,17488,4135,7176,36942,22183,24551,21730,30333,29199,25061,22705,31144,26075,27881,35178,58792,48922,35574,35806,46451,36733,48001,54059,23476
2021-12-14,17488,4137,7177,36955,22188,24556,21743,30340,29200,25067,22705,31153,26079,27887,35181,58817,48943,35582,35811,46458,36737,48007,54066,23476
2021-12-15,17499,4137,7178,36959,22192,24572,21754,30350,29211,25078,22710,31166,26090,27894,35191,58838,48938,35591,35829,46465,36750,48014,54074,23483
2021-12-16,17508,4144,7177,36977,22192,24587,21762,30353,29219,25081,22713,31176,26096,27900,35198,58875,48950,35601,35841,46469,36760,48032,54082,23489
2021-12-17,17519,4145,7178,36996,22197,24598,21771,30356,29227,25089,22716,31200,26106,27910,35213,58922,48970,35607,35846,46485,36768,48052,54089,23494
2021-12-18,17536,4148,7180,37015,22199,24606,21775,30362,29244,25094,22723,31223,26115,27918,35230,58953,49000,35618,35863,46493,36778,48066,54102,23496
2021-12-19,17547,4148,7180,37040,22207,24621,21782,30367,29254,25101,22729,31251,26123,27925,35240,58981,49026,35628,35870,46499,36784,48072,54125,23498
2021-12-20,17557,4149,7182,37061,22222,24639,21784,30380,29264,25112,22739,31272,26128,27929,35253,59019,49054,35636,35885,46514,36789,48096,54151,23505
2021-12-21,,,,,,,,,,,,,,,,,,,,,,,,
2021-12-22,17587,4149,7187,37098,22239,24665,21796,30384,29294,25126,22744,31298,26139,27943,35259,59068,49102,35662,35907,46538,36818,48117,54166,23521
2021-12-23,17607,4153,7193,37140,22247,24689,21806,30399,29312,25148,22759,31331,26158,27951,35281,59110,49123,35686,35925,46571,36828,48129,54182,23532
2021-12-24,17637,4153,7197,37194,22261,24717,21816,30412,29335,25171,22776,31386,26184,27971,35299,59167,49158,35709,35947,46599,36839,48150,54197,23541
2021-12-25,17671,4159,7202,37251,22272,24763,21854,30421,29349,25196,22782,31436,26205,27996,35317,59238,49199,35744,35961,46626,36861,48179,54219,23547
2021-12-26,,,,,,,,,,,,,,,,,,,,,,,,
2021-12-27,17743,4169,7219,37408,22310,24841,21911,30484,29416,25250,22810,31547,26270,28053,35390,59460,49272,35804,36034,46697,36901,48220,54292,23570
2021-12-28,17786,4181,7218,37462,22315,24888,21933,30521,29433,25258,22829,31619,26316,28074,35406,59571,49321,35845,36086,46715,36924,48244,54311,23574
2021-12-29,,,,,,,,,,,,,,,,,,,,,,,,
2021-12-30,17974,4188,7255,37755,22400,25038,22064,30651,29616,25360,22891,32020,26487,28164,35504,60032,49592,35980,36238,46839,37013,48370,54442,23632
2021-12-31,18104,4198,7306,38041,22478,25184,22143,30772,29789,25443,22955,32384,26659,28263,35621,60498,49838,36088,36339,47007,37076,48510,54597,23715
2022-01-01,18296,4221,7342,38433,22585,25420,22284,30987,30057,25593,23053,32933,26895,28415,35769,61060,50204,36300,36499,47260,37202,48718,54787,23809
2022-01-02,18525,4243,7419,38871,22736,25648,22486,31163,30308,25800,23160,33588,27196,28583,35936,61888,50683,36490,36855,47471,37327,49025,55038,23964
2022-01-03,18772,4285,7494,39303,22892,25876,22706,31503,30670,26043,23270,34328,27560,28798,36172,62782,51254,36831,37176,47847,37493,49406,55461,24160
2022-01-04,19033,4315,7577,39762,23106,26183,22923,31733,31071,26274,23482,35108,27934,29024,36406,63716,51749,37184,37524,48229,37589,49802,55900,24369
2022-01-05,19321,4350,7639,40169,23343,26467,23170,32078,31530,26736,23601,35933,28327,29310,36679,64888,52444,37575,38009,48720,37808,50278,56361,24667
2022-01-06,19751,4397,7764,40880,23731,26922,23573,32740,32212,27288,23925,37186,28988,29741,37117,66466,53588,38224,38561,49518,38184,51174,57319,24954
2022-01-07,20231,4448,7900,41438,24077,27425,24072,33383,33147,27878,24383,38698,29952,30224,37809,68681,55024,39012,39363,50636,38724,52322,58220,25526
2022-01-08,20789,4513,8053,42208,24655,28190,24549,34167,34149,28694,24771,40218,30884,30915,38436,70844,56708,40019,40059,51663,39355,53316,59082,26048
